,label,text,label_num
..S...|<.f.R<..i,.......u...._%.L,BC^.....X. $.#{..6*.A").......|nb....?..f.C....
....!.....CInp....K. !WV....AB}../T.<z..,..i.. L.#.........L...,C...g....My..&~.Eg...'....C..P.V
.4.}Y!.M7"R{z.#....0.#.....l$...
..	.2
<v..~\WE.Bh`}(.-..Q^S.......=.[.7.q....S@.FQ}-.bC-`XS.Z.)..^.0.......<...
w%ekP...s.b.....[^..<...?_V.oQ..gy..p.a..VY...
..O.6i#..	._7x*.1.8...fQ5*^.4...nL.6..k.t#..P.._`.V..A.u...YG..,..W........1...
....1.<s.hJ&t...,.......u...._%.L,......<..W.Q......$.F.a'.........R.a<A....I	.@G!,^...;....c...31
-i..8...0.:u....K.D..e%.v^.&...Q.......(........
..
.c.Aa.....X...3`.C...q..(c.&.,..W........1...
`b.....T4.%.-+..,.......u...._%.L,U~'.M9K.:\...p.6H&..?....X.C...-
..^.......w$.o..,.k..
].t......[....o&!y{r...P.WVQ.......8..9>.p.O.v..nO..}....b(F2b..^r.bI...5....w.R.|....$.&]
..T.1...7..C.........	.
..a=^d...}..3..D)..[.w^dY..B...#lN*...,f..Q,..d..Ql....v.\{...... si...'.1...:+..v'0.]...\U..X...Z...Z&<K....rj.D.t4.c,'?u..NAw..I..$......`..~3..Q....'....(...y...|_.v..C....)....LBM.`...(P.Si:.MS,....+.e.h|.g..Rp....}.m&...G.?...K...<..B.t..]...<..j7.&.o.~..
..T..Q.;.z^.'5.....Xz>'ff......1.MQQ.U.(
........OK...N.M....,lgA..vB.....\....D,6....f...........s*..16
I1....W?...A..$.$.....G...JJS$..y....+..}.9......;..J/h..}.P{......=q.5{].XT...W r.tdjy...?...C.a...	....Z....P..Z....`.......`.......,.G..S.Z...6..s. D...Z.Z.N..Tl....|.................>..8@y....U.,J.8]..q....+e..ED.PA>U...`..8((bn.y...:~.0<..@d*/..)..DE..zH.D.2
'i..f.R..k..(...C.D,...^#.DDcT..e.KfR.|&..5.....Z..j....`.-..K....VP. t...wD.rN..@.....T.W...#7i..~.5...Itui.&.Iy.....q...........Z....P..Z....................,...(nx.x.c......J..#.Z...&.....j. G.}.{..t..R..H...~.:.M.QQx.ooF.....^Y.....~..,2..S.....	...E..,Z.........y..Ca=.../k...g._....Fj...IO....*...i0S..7.l.+.p.t.-$!;Z.....B..b..!A....^..m..-...3,.k.fm^.~..'.(a.Gw.X...... ~.^^..s!...L.v`P....eQ#.#..N.E7..uA...
<...zl..E.l...3..u1........8.=rr^............d^...].!.9.O........-)'..c..,8wX.9..v.?-.0...N.+Q...N.sp..$...e.JtB3D..K.w........t...Z....P..Z.....H.......H.......H.......H......pI.......J.........Z........]W..,.?......C.^.H..... ...if.v..5....V.F.+~.....T....l.o..6.`o../$f......!.RJ....xpS.{h...$..(#U V,..(.T.....gU..P.,:...+.~.M.....S.l...B.L..&..5....	....d....B.........3BE.D.I0E.)|eF....7@0.pz..9C....,..K#Yw..a,..J.....I...Z....h.y4..S..y#.07%.c#}.....*.......>'...Vm......i.,.~x.`@.^.0..CP....l).5Ng.......\...	~..=.U.#.9,...p.(....:zm@..%.	....4`...+kw.T~..{.f|p...r..".&<...'......\,............`..f@8X.....l....W!..#I`q]Q ..CDr...,..^..+.&2._.YY..........p.s.n.R.M..l...,m.e....
....T.zc....(e.o?..ZIH...	.......A8 -...[.a.....i,...v@.0@...`..,U....MgN........3.....{......sN.-..A Z...(L...j.,N.[..*...."hw.,cm...uQE~...7/.I.XcH.%.......o.y..\.F.......Et8V...G..k....2^0..S-......#E........f..w.W......(@Um8...>!P..D...W....Z....P..Z....,!S..?..2P;......
	./.iu....,7S...N.....5d..a./2...5........J..]p_.UW...m6...rD..4.P..Q.o...0r. ..^.........A	H.z
....,.....`:u?;....;..6a...P.:........6F.Q.A.UtE.F..~.#u...s..,...J.g...?.%...<N].)+.X=Pd.X.+.V...+....l..&.$.t.%. ..m......%-
.).........=4..L.G.w..U..IYj.3T.....]. G..2.h.[...[.._~u..OQ......Z....P..Z.....H.......H.......H.......H......,)...&2..E...-........1t...`LbM...9S..G......,S../Ey.	..T....+.T!B... .....E...2.,N.g.P.ehC.Jn......,I.u..bu...li:..dh.]j.+".:.~.*
 .8x.s..p.....p........8.B.5J..,.n.O.d......cn2.,.....x..:fl.....,o.<n*7_;.*d.....YV.5.~.X...M..m,.G...+..|.&d...n.....T..p- .....
..e.s.j...d.R.X,..W........1...
.3.
Ep..4m......,....Ni...aE...z@,.[......F.`.QO.
.G.r..u.. E...84,	I=|....).......,.\Cc.^.......#G.q....'B..)&...s
.W..nS.>..A...;.........9.A.r{...nt....>..-aG.
...I.S*..w.......qh.)..$_J.....'..G..(n.n...T.+~
......>Zd.Y7m.h....x5`.........1c.dw.F4HwF...h./
.-9v....&..I"z.|.8....
C..U.......	..3U...*..5..
~`#k@......In.......HC.?.,(..........!..........
.2..........O..0.~_..#Ew,.P.L.`nCU....D.)d^......o(%.....k.G....
o.*.A....8.H,..P.6.HC...8....+.W. .P#.....J.H[G
'.-..}...DN.N4........b).4....Q
..r.Y;..>....0..|.w{......x.!..
....~..c; ..)...,o.n:.../....u...
<.Q:)8,\...k.m..,.......u...._%.L,....5......~].BH..8Tg..o,.... 
..9..0..$./...P.)s\...........M.k....I.al.......~#C.!..........G.q|.%7..	.
*...
&w..
u..R.L|On.......N... ......,X.L|.R............bW..q..w......r#m...O.....A.yb0)v..c.j...y..
jN..kk...e.`QNpE..K...&.^...==v.M......q.:...:E<....}2eH..W.).A...)..JG.q..d.
tj_.g....{.r.......~.....z..._r..b.........C6.2.....U..83Q....hT.l....X.6.e\....,..W........1...
8.....l.XT.... .,.......u...._%.L,..YT.N~].!..D.3r...M..Rl.h...r>..{.......N....
.#. m~..:.......W^ya.X.^.\..h.a.8FR........z..$.:n6c.UM]}.E.3x.
.....5F...K;.-....m.h..h..9)....})...*J.1E3.1...,'.....1...A.6....
../...".....U*+.*.}zc.J.^...fM..@.4BW...j..|L`%.x.........E.Q.O........'].@.........o.,....?...i.k\......jA|...Z....P..Z.....R.......R.......R.......R.......S.......T.........Z.............R........................A.6......Z............................
^.i8~,...?........|...W>........q1..N.T...jKF.!.y.h.V...E....... e.K,.|..._..l...cy..j[......=l,..W........1...
i4..+x..W|...<s.,.......u...._%.L,.Jo...o.N........I0.ci82..X7e..2xF...b....a.Ao3 ..5..r.o..?..:.
j\f..m._i.xR..cY.. e.......h........F;&%...t..x.	`:....^...{....
......f.p..9+X..E..M....XR.....,7.5..].
u../...........6...` .N!,...8O.J.H...Dd.............^...G
..(..,.<..r.'..y..	.z...6......
..v..;.....,R.[X.
.9=.V...$.mh^[g4Q....\4.B...2^A..
.p.~C;.....M'>.Y...X.s..Y3
t.(L...,.F/4T..@:^
.=..U=/V....|"...|K.Ek.....4.Z.....=....%W.y.oi..q:.TZ.....tk......l.W...{..i..q..: T
...6q$...eJ....Q..@.......Z....P..Z....................,t.|......C....XEv..'.F{.......O,..ro}..s.L..tD.
.XBSV...l.fG=.........YcMyEPlP:TPL..I-.Z..+..J.F....
.!.'.............[....G.?.........y.......d.kZ..
.......>\:.y.Z...t..RZ......Z....P..Z....................
6....-.{J..( .`9.o.. z....^...-Y{b.5.IB..:.}fK....t..z.(....
QQ.Ma<H..\........~....1?...q..../.l./.LR..
F.........
..(t.t.$,7.5..].
u../.....\s....#.k....C..X.;...;.Wh.=....."e...G:..E...Y..:.......^..0....Z...T.>..u."s......u........st.....\..8.i.2.d8
\w.7.=..J....u.j,....>....I=.B...,...by{...9V(.
.
.n....7....U.....@.R.y.....R.s..x=?j..$Q|SDjL*6s...)&.XV.sT.gF..|......5;fC...s.......9.)....i...']......"..........&X..Pm....	...Z....P..Z....................
y...M....C.6.&.1.mp....c;.Q....].]B.{b...z....if
A..Ss..E...=.K.j..?...8K.xS..].....<..lHI......._..
%r.|!@..!..;
..`........[..Ug~.3.....@....n.4.......U{....F.Q.^^......_*|.
...xn..|p...\..,?.7.J..8..n.v..<Ew	.`?..._^.u..W..N..?./...9=

.e.b%?...`Z.{...e..bq..%......6..?...*B..L~...M.E.50mb.M.......
cY..:....`
.....l0.eAS.6.p.. ... /#.d]..z..(k.W$........3.z.....U~.....bD.=.?i.,...z ....b..*.KG,.......{..&...Q..\`.9.......>.V..L6y..=vQ....-..).....i.$....XI
y.}.......*.....cpg..w...........^2.......n.N.D,..rMc..Z...t.......e..zY..}....J..E..a..h...'..^yo....i.....Y..#:A.x.....l.2F..~Z.-.A1%t.D........[.....yn5.....J.....p3	.........Z....P..Z.....c.......c.......c.......b.......c.......d.........Z.........l...b.........................t.......Z.........................................................N................tS.............7.=............{.UK,s..x..._.I#....2...B....p..tm.f.YB>v...npo..)P..T.....'".}}}..Y.8*`....%....$.;.,RAnC...u.>.R.\..&T...s.\..._'.i~,DQ...)..r.t.......i4....hi..O}..^7..m........	6@.Y....a.1s.?;.......>.cjx..)".
mv..8T.?...$.....G...6.~.K.......my).......WK.XF...=u....g.;ry.e.p...{..8.>...h
J~..q..w3	...7.
....~..c; ..)...,..W........1...
...b.....&.d[7P.,....Ni...aE...z@,...:.v;...C6h.5.].{|.Gf] .<....g.z79....S*.....g.fv..'
M..=.SB.
.J.?...4.x...j.....5*.A..6/.d6.1..8... 9m....	......K.............b...6.o~td...,"..........;.	...A.Q^..#@tv...q. ... .'..IsV.n
X..J.N_..)e.,..g ..B..3.!84...K...'...I.B.	.^..
...}.o....?.T.$L.v...W.....;q...
&...Jb.3.]B1.2.G>..QE&..!.e....A.1.8.D(.!..	.w..,....4	..?K.{ .=.
..%V.~o.`;H.9A..
..G....iL.N.u,.Z,T-3}.....?.N..%8,..D....(R.Z.c.M.
.......'6F.._>..\z.b........SJ`....G(9...2U.b|....6:N...Y.....u
......y....G....
..zZ.cE..?.....!-........3..S.&.oP..>....G...i
Pc,<......h...Y.../YU..w.....{.!,.i.e..................U._...r...,.y._...D-WfM..Nn,<.<.8..K..I..]t.
......M.Sh	..j..Y..f.........[b.....6.I... .kg...1.,..w....u.[F
(6.]....< .K......2..M......V&..G......._97...K.
4Jb.O.K....RW../[..w.....Y.....A.9M..".w.."6[..
.].f.. ....:...9.w...s....L...~.
nK...5.6...3..-.o\...R....A.l...,....,.;5r....5o..w%....2.f.=[=......i....`.	.v$.j.4..A...+....H&:6:...s%t.. .j./,o.n:.../....u...
a.\...{.|T.....,.......u...._%.L,.5...@B.h.IR...D":......z..s...e....4.T.j+F..4..
J....=.I...~.*.
.a..I...o6....h..... Z.^0...jSf......Z.J....X.&.b2Pv1.o.....*f8b....[...K..R...?.....B.=.O..
.4..i...~.....`.
1.Fe...4"..<....	..i......(49.S\t1E.kRt?M........F..H.....-..7....M.0..).2..e2s
.0_.e!.&.I..fL
........e.kZ.S\..o...@.......<s.kKoRWxN.(>*.PC.
IR.xC`.;....s...r....S..O...a.....;.#d9.khv0.<&.,....S(?..Dg..I..nNn..oQ........vd..2.	`..@pX/f..,S.....WR. ..f.^.
s*..RD_,&c.h.\.".G..$#...x..9./.,?.....!...O
.A/...e......R@...|<zIz.r.D....e....
R)....;.N..[p}.#9.w....80g..h!OG
...F....G[..A&.*
.K.w.....s...]V..._|}4......x.|y.J....=O..Ow....
.....	Z.b..S2.+c...1	...k......75...FL(.:..Zs.
,.5........r......"J@]..)X.X....
E.y.. mkx.......,..W........1...
.=....jk0.||..5,.......u...._%.L,..FNd.3mJ)q.[).W.Az//Q...CB.Y.7....'..<,...E...,..mg..i7..!..+.B
-i..8...0.:u.........!..Drd..#....|m4..^.a...<.
....?-...3..UZH_.`@l........x..,..W........1...
.7.k..V..o<.....,....Ni...aE...z@,..
....t._.(.^q.......N.vr-.+z.`....m..!..G.w...
...;..5.....0..J^.......*DK.(i.YB....b.u.-Ui....
.6W...m......r.k.Z....lyW.S....(.I....~l.;..,.t
y....T_Qk%|...o6...k8.g..8..
..[..R<..M...u.~Q....H..](P.cz..A.......\....4..}f
..f...\G-.N.q..;>!...... ..[..5%
.k...#B....5....!e.>.%..i .).........g........b..m..\.6e.s.SX-?
A^E.N...o...o.n.J..pl'..j......?/C.p...VRD..,....H& .c.!.eh<T)..
.z.v....}i..;..d.>..3......P....C..........S.?..
5..X+.Y.0$d....L.V-....G?..@.. 
...r..C..-........&..!.. .../..Y}......yW..6.?t
..i4....8.\tY...
..u...aY+..'.......%
..$.D6.....
....<...I...5..:.5..gYl>...t....[s".R..s{`Ld%5W~...fM..e#...L.u
....<...I...5..:.5..gYl>...t....f. \Rw`....t...5.......b..U.....:g....M.".F-s*.
$QX=|...F.SGZ}....^.<.....u.
o2..*\E.1a.......L...J.............&......~....B.
.OKb.X.._....<....!Z.....;aI.E%.\.b.'.H.E.....6R.+p...q.In..........]0P<S......@,......_-;.|*...d
9Hy\.U.qq^.
;. mw?.>..,>.;e..a.i,O.B.N.?.RF.L.Vm.@..|]K..Z{Lo!.mCWF.x........:..,......H$..,.....
..c...d{0.*.....,...
.....7...!<.. .b.3/=.........G.-.nY'.EB..5...3.)...v.........d..R.....4.@|.B
.pI$<....\.]*oWn.C.......|r.w..^......^"...Jl.z.,..+.d..Ps.....=/...8+....ag^L....L..A..~.......a,..G.t.......ric.
2e......tu.u[7....}$.30
;.....*....V....O..h.7%.zO."i...j.r..\ .Pi(MP.y,.dF.BE.qX..U.....C.}..q.
r..e.N.h...S.5..z5]......._O.	`., ..J.NZ.....b.,...).#pgi}..A........&4.!`..[...
....L.~......k............R.s......).l_...iU..._...3....Jt...i...._...`..m....4
.....S..u.....z;.sE. .v?}..........%....w............7M... U7..Wm..j../.....
....n......5..R:.O.|4.3c..|......eC.U...D.q....p,....+..lw...<,+l.=.q......_.K.,.t...:......6 ..
...'K...SB..f.>..D.9?V..O..i....,.V L."..RSI...S>...w3..x.JO..9..
ww]..$.3.*....%....O.e... 5"w....x......a......
H...1'.. ...P1..(......B...L..!....ry.V........e..........j.&,9s'..Lc.../.C.P8....l...w..!....
.Y.$...<..%Zc.z..OK&...r............N.....!..P....d.7!..XLE.@.w...u.V..b.z..^Y
..........v.r...gH*...^q....O....]\...e...6..u.X. .$..e#!1A?.w..k. .(.n....>o.D.
..R-q..l..R..p.u,|=>.y.[..MD.....,(.0......S..%9{S.!5...?.z..S....G..8./'.E.	..F.t.pc....... ...R
.h,.h.@5o.%.>U.<z{.?u.+.%W..Q..7..{Z.\...^..7 o..o.G...i..?.b#n......vuOIj{...(.U.q...{]..c!..
...-{..........8%. ....n.I...XX.....o<5.....u...
...X~p.t.o{d...g]....	.<5H7*....lH.=.....tz94..i...W....S..D.....{..K.............#N...-.......
.........R2.....'..).
...I1V...._.W.....Mq.S..\.x......Z.....q.....J......w1.).W.o..$#o.......
C....1....G-$.....%.#MT...w4Z.J+..........*3...
..u...aY+..'.......%
..$.D6.....
....<...I...5..:.5..gYl>...t....[s".R..s{`Ld%5W~...fM..e#...L.u
....<...I...5..:.5..gYl>...t....f. \Rw`....t...5.......b..U.....:g....M.".F-s*.
5..X+.Y.0$d....L.V-....G?..@.. 
...r..C..-........&..!.. .../..Y}......yW..6.?t
..i4....8.\tY...
.a..I...o6....h....h	..pd.uV.o.
......-..|:..x<.,./YQA!4...5.....,.{.Xx.}.....b.I.g.U
..........Eo$.....-........A`d....].I. ...,..5.$.'..tLEqsS...]..ZG.......\.
.{..~G....VTy....%......ApGC.M.;h.[...O.9..\5`M..zS.FL.V.z.)..6..*...@s	.B.0..
M.R.9.U...P.0..t.D..1R.....$....,?..Q..a....{.u...2..(>R.r._....n..	1...Y...M.)..'WYs.)..d.u\X...
.."..2/./.f.....;.NF$..2.e....3.,.i(Y]../_m.+.5.,...2.;.|b....p`.>B.Z..S.U.{q...i...%...;1.^.!$..
f...6..h.B..TQ.j...m.....V,~....)D...Gk...........'O+...}[.........2Z...CC..)k..$d0.
..E2......T
..<Y..~#..	..2[[j.MB..`Y;.,d..9..........
R.\X..Mv%p". ..F...PL.....
	.l.......
.oq......x....P.... g..P..v.....U...!..<-8.VCk."..Y.v*.k.Vl.en......^r...:.....*..Y1;..#..f.t.
.r.Kr...5V7.....IR..?.aB
....~........V.S...K..X..j..S.1[...!...5...g..uA....
Ku..V...ZU...kw........9%-I...v..p...
&..{....).
.Y.......}-.sU.o*FN..........0c...t..F......A./.V=.;m..zDM,J,.Jv.......}....M
#t5t..g.....I.?.+@!.....cl..B..F.C:..{..tE.r....;U#/........Q....U......:..ur"g.
..WA........v.t%.K..=F..d..=.....rx.(..`R*.$..b ....BD..:.av. .1^._.+.Ze..ax....
...9....~..Rm.[..A$...v
X.....zsn...1.Y\...I.S..b-..p...._S..e.F...P.*.b"\..TH.
..1...........J	s..cI)..(...3T.........."2eJ..G.........6]..g.i,.8c..W......N...T.9.D)....].S	,CI6..wZj...a6"..
$QX=|...F.SGZ}.....X.C.........1
J.....}.....{...J0..6A.Z@.#fA.W......]<:.!..j.W
8..:..y............7.$...{(&.....%......i..]......4....Y...>.#	...+ ..J....W
.n
.7...f..|.8.D,|.... i.b.i.P....Ru...Ld.Q.....>.Z.....P..)..o.p......:...Z>...B.
......."..#w.r.E.`w..?M.',}.>.	.U.F........o\........u9.Z.._......}.D.$...(..
.	....a......8....|.......*...M..cX.Pp......:.t.,.....g..[.&...%.,.V>.3..E......},@]Y...`..n....D.,V......"..D....<
.D..`&z...b*....,.iA..<.u....#.).,..B....Y^u...:..m..YL.f..p.Gu..C.c7.i..Cfc......bI
V.G.......(.
.5..{........`.....6....N.b6.....dD.9.......t@.o.......:...
.Qtr...otH6./.k...
...W.)......7u`I.....;^..........@	.[.?1?x.^y.+,L.....[rf..:...+..lK.	CF.......50|y...q>..&..hd*
.D1...Z...!..<2....fM.....F..o!zG.wI.V>.,.g...{F....}T:...5.">i.0x."..OWWI.[..
G
.+,.f.....O..X...CZ.94...Bg....2.b........KD...r]...!L.k.\..S....H.lH.I.O3...	.)
6K.V..4..<w...BA..2W!..9.J.u.J..}h..k.}#..g9}.P...".:...-7..*....S......^.....q.
IV..8|..q.k......]z...\6...1&..6M..9.g+....!.(Q..$p.....G,..3F'.,@.......u.~....P,S...N...........
......V=...K.h.,..6..... L..K.L.,a..bZ...*.T$.2!.T..3tl..l	.~...,.hW.f..D..#f.......i......?..;..,...F..Z.;.ylj...
..-gM...|_<.....t....k.@]....u..^s.n..8..(..J;%,u..o@[9#.......,*..6....]tO..Bmxi....).....^K..e
W.	y..B.R#J9..J..{ ..Z....$e..Z..u)...]x.....Q.jL...,.%!Xv8R..;,...Vyn...".....O
.....f'.T.#_....b.... ....x..f...o*.{..y......Lg4Z..[....R..8u..L..,..
~3.E.j..om...r._..x.i!.r.
..K.o...W.]*..Y<\......6..;~.G...^.>...9.t$.46..B..r&.A.....o
=V.5.P[.?2.\...5a
O....P............=.2..~.%....c	o......}2...0.R...
...$.rMg"go..Vi;..#.f.0w...}

hp..>...C......?.(O..>..........1.L.;.;`},.....m...e..z7...9...h.VI....Qi...2m.	.M.@....^+...!..
s.a....CJYa.Mp.Y...V8b...t.R.....:..qy...Q...H.ok.....VQg....gy:..pT..L....B.>V
I...q....w..S`............&...........F..QDMtV.../..]...UV.i....o<.bP...cW'..A.%
..f*.F..p{Fb.r.e...N}..c_..}.......E=..].......g(..Ig.G9.8._.L`......U..{8....).U..Y....M..A7...
D...	......6J.4.G..7	.o.?.f.&....%&..jZ'...f2.;..y[...g}z$#.......iV..r..(....
.o........mP6h8...-....mY.L/.......V.`w.A...;...n...r|Ao...D...}n.;,._..n.L..&4.
.Q.<......\..y...:..#h.V.e.Z1n...[.@...K...e_..Z,Y..n.oz.^.a.!......."...uR).H..l....`Vk..BJ.|..
h.
.r5.....L....+..-.....lpE.1....Lro.\wD...B....o.,=GWH..m.>...Az..C....KH..y*....Y....0.....A
.`.P..e..~8....Yi\.....#.H&U..+..].....`.!..q.P....@.jA......R.....d;Y=.Z;.k."~...P..6.h..$@...t
JZ..y':%..n...T........$....sz...y.i@..(v\...8$.,m.a".).{.|.......L^..m...p.#GO
.e..\ox\.4..../........[...". ..}....&..
6F.C........;...;..........c.Of.q....,.G.^_L.-......o.
.r.....F..........-.,..../...(.E.I<...W.../..Am.@..i.J....l. .l....KF.n.$z.t...
.aq.(. ..e.r..i...+...h....".5=$...'..=.....rl.._..M[).w..&...........9.).D,/...
...Z..;.w..o.v.,.......)....h.(.....{..$...hG.G.w..E7FG/.v.....Jk....H.g.....&#...z.!.....Z.i.
..[........8.^....t...kA0b......9.....R.......k,H...;...Ln..	hrH.uw........U8B.q.....R..E.V..rs.
..h..?..Ab.Y	K4.......hX.y. ....Fo.....u=..V..9..o.c;..^cEV./..
... EV.P..Z!\..QH....}.Uh.jG.#.........Yp.e....5...&.hL....v...).H...<..AR.....A.G{.]...y....b.
;..........n....x..O.].....K..i........pxh.....%xP..=.A.nO. .u....].ze........mW..q.....?<...
.
....s......#...zG(.R..$=.^......=6....N..p.r.N[..'........s]...8G..tY.BY5c..S.
..L......
....$?.....J.|.
....K......n....5e.[...c1..768.|....R..........)...c...y.....(#.x....
..j...:."*+.Ux_...(...UN.<.He...+.?.@.-E?.....Z
sy.`..F.....%N6.q...p.%b9;68..
O.{d.3.A..;...u%0*..?."..&Dl..?.,..8i...9..<..[...c.."....o......a|lJ...u.5.E.^1.G.....!.
..s.&<
.;g..Y.t..P.16.H.
.....E..F..D!.Z..(..`...o..{.,.-mw.:bQ^.....V.........D..Il..`.?..B;..a1(....
.r.G...._../....c........O+k=.0q..3..7......:.....^............I{.._.-...e.Q.l.c
#........#uB........W.Ua..,_...d....S..@.A.GT,..,.~..]W.R........,..mBqj...,D..r..,....x+._.......
(*f...]v...E...V,1&./8.........3#.`...]..x.U[...e.......X?..n..S
....~..c; ..)...,o.n:.../....u...
a..T.GF....+....,....Ni...aE...z@,...!}$..a.S......3.....Og;...:.
=s...........#.9pK...bc0....I....%..smN....9.@}..f......O(x.!.+
\.....T.5.....>~
..4....~;..(v.m..C.....`..lW..!.C..].s@.6.v....RjE..S..&.......6G......k.Wv2...9.M....C..v.Ah...8:??.F..N.i.[eX...6.x*.....E.f....Z....P..Z....................,[..9.IS.....xfz9meK.....I`W..y..G.m..y...=c.Z...
....].mC...k.L....[......../..!.]...C	gp.o1..I;..n+......i..P2.
....~..c; ..)...,o.n:.../....u...
N.1Za@`...x7...~,.......u...._%.L,BC^.....X. $.#{.f.*...~.#.7.W.....n.W^.z....u.,..mg..i7..!..+.B
..V...PE...>S5w.F......3..S..M.|..njj..........S....w.V....-d...
b.....1j	..Ha_.H...:.}...8..^;..,..W........1...
..C..o.....k...^,....Ni...aE...z@,,.}..PAk..l.K..vU&.:S.....=....
..S.9	@..0g.....Tl....%...&..{b.T.........P.;1c
g....b}L......J..Je.X..!?.....-A.=mR...@........6.....,.m...F._x.o...".....V.J......)R.	.&.22..0.zN+|.W6.L...-.M.@(06...{n8.....Z....P..Z.....c.......c.......c.......b.......c.......d.........Z........e.<..b......................L..........Z................................z'.z.....................tb|............Za..............L...
....~..c; ..)...,o.n:.../....u...
$./Xa..-@..x.M..,.......u...._%.L,.....r.K.z;.....l.]R.y......>..-
..)........i....
J.h.:I}.b.....`..z.9.....m.E....E.D.........R.V,C......z..+"9mX.,p.(w.(c	.>(...n..^.[..2.;7...P.U.......*..mq...
..sk.J{....\..,a............xs.,n...C........H..
.eS..|1=}... :Fs
.I.c..U..`ez:...,..W........1...
....T.z....P.V..,....Ni...aE...z@,.P.......k......_.o.O.....Jn....Q@..C..f[........8..M...A.th.+..
e...]..f.XnXL=.
.a.\.m...4..(..[k......9....w.JO..q..j..k#Bk....
O.v.".....U......D..n.A.G7H7\j........dJ....Y..
.R.Q">@...9.h..+.......iR'o..k..
..../!.$_.(~B....$4....k@.MC.)T.
.{C>.....1@....!.R-.b...?..'..d.
.T.....w.....AA.g..sw.Q...:....a
+..7..aN^..w.m.lO@..m.;P~.U...YT
u5?$.N..'4....S.E...t__A...<...6
F..r9.ch.....Ly:..YG..[B%../g."Vm.....Tt.(MW..,..o*:....?....k..Y..o........L.D......4.......C.
...+..Ji"{..=9.]..c`.............}.{HK....$.&..t\)A..UH.b.MYJ.r.M.>......3b0g...
>(....n..f..B.N.t...}W
.|b.t.....~2.<!..`$.......m.......S. ...,.U.m.X.7F.J.S.....6.9.......S..
.......X.|-m.?.^p....3..G...{2.....	....+.=...
...b....Ux;....+....`.a).,......H
G.}............QK'.."...C)^..-`..%.1..$...R.m9
.`O!.......n..V..J.:.....
....;#.,B.P.f=...f<..K..u..U)E..rQp.H4....T!.o..fQ.Q8.
...`...l.U.6B9.e).&j.C."...ax.j.W.n/..../.<..i..J..$.......n.V..0.u.....-.,....
.....G=.4.<....Hp....4.6........2?..d3.....u4K{....{...[.....v.a..}.....e"..Ej.
.C.w!w.RJ.3ST^9|s.o;.>..]y.:.
.,...Z..QWk........... .-Ea...V..' c<D.`....Y..'...9....s.L.3..
a...Tn(.Pqd.......\..J....d.-.i..k.p.p.B.Y.OX~..._...c..FS..az9T..D.A....J......
...tIm2...'.J.=....Y...m_K.q..!z.\.1...U..dR................	.......z..._.....*
nJL.	?QBL..|..W.._..Y.]+.d.n..'~MO.ZO.....X....i.l$A..d#...p....P4..._@.lC.....
	..e......1...n
.. ...
*.l.	S...,m0..u.'......Qw.,5....zm%...
...,...`.... (i..y......Uc....aW..h
.y...6u...C..*.F...a..it(.X.....
.wP.98AHQ;.W.3Gf,....@[.H+W.L\.D>....O... ...)PZ~.?..../u...{J..?,..J3P{I$..	..9..,~.0.....HV..]~..
.3.....)...Z...!......h.9......0/.t..ZK._&x.|.$..*..se..>./..9U.+.Me.xU...&Q ..K
..7.e..7.f..R..z.7.\..&E..'........#S...!d.'..?._p.[Q;_9%.V.~.R_tvy......'..5.j
&!...
j#.HT..^@3..9,Q...;.T....X....91.I.=..Y.v...n...3..rV.#:~..^gc...((.v.d.9.
.z.r..{
.&.e..Ym$..sd..e.l..+..0... ......r[.u~.....K.(Y.....
..5~...:E.{WM.}....`.P.mkU
.........|.....z	....k....S.U..z.,..4..K..B,+u&n.....
[.-|..<*+.......LT...}.3......Y..&..u..%n.h...I.g..3c.9....o`3.......{.t....Ph..
.>[?...V....n.............5hBSt........+......7>..s/?...B...?v.P[....f........l
v..B..P3..wUB...
.'...r..X........*..-....N=.W.i
F..r9.ch.....Ly.. +....>..DT.f.(..0...i.MK.p..,k.Rf#...!...Kr..jk$.6+....16..>.
Ap..f.h(..p2..Vg.)D..4... !t..$..DHMp..<J _...&.d3*...#W...8#.*..L...ZL........
(".....x.7.n..d...._ak.....[!L.M........>....W.),q..i|.C....o;.}
c.R.w)..fB615..,......:1y..W..J.
...@.6|.,..:....$`.+.....].H....~..."-..Vu.6...=.8..?.,..c.%j.M3;6GJ.x.......+
0y\..s{.V`... ..tU....x...t...q.}. m..=....#N..
i(....Nb.6..~V.....c.W......c<r.8...*....q;.{X_....Mn...=...B.<...i3.(*...w.b...
/......E.....q..l#.....%8W.........Mt....@bN...|l?.......jK.b..,....%N.....<.{t.
.Q:.6$A>/...8E...DL..m!ShEU.G.gh..`......H..K/....p..e
m.F.....J...h'..6wdKG.&.
....!/.U.....C.o..<.'\.u...G..~{.....e.Q
&..$.(....<.*.b.:......R..X....._..T[K.
.1<.....u.#..,}x.s.W.l...t6...N.....-m<2..1h..,.:..yl..j....^.._.K.(9b..
.S..->
..)Z7..2.s..~..LY..&..-.82'i.0.x.x.?...'X...[..,5....zm%...
...,...`.... (i..y....T..........+{.
.:o.$L.a.w.[....Jx.I...=...O$.
F..r9.ch.....Ly....b..+......**...
..ZQ....p..b&..X... W.....5....7.np;.U.q..`.
.7.C......~....6..."...3....t.U/..&^.~...h!._\Wm.+7Nj.<AL.....l.. .?.....x.Y.
....l...O`.G?5...'G...,7...VF..4...{I............`! ..r....W.9f'.;.x....Uq^g..
J.Ikvp........,d..),
fV).E?.... ..YR..}Ct.P.N.....;._...H.m.X|,.......o3
...~...
................g......xk.qW.,....m.*..H*8..I.y..h+z
.X....-...;...6..;....L..,.v_..c.:._.....
..}....IO ..
0...}.........T......[.q..t......Dt...edK.T.X.90E.P.K.|....%.t
...
3a.{x.G~..,.".E,KTs.I.....5...3.\)....R3..N.....*.0.....{.....+..Pe>4FW...A;U..R..L.A......G..*?
+.9...ZV.......x.h5..<4.rM......,d..Lf....@*U....../..6.k...S....X77.^"..........
+..Pw.M.rC..JzR.Yti.'{....".p.z..^.Tg.>.....U.X......9..../[k..`.].dt...s..M...
=......> .N..9&Q...mM..	.jvW..:.s.".O@.r~X.....:.).....]=.Be.,..`.4....x....0..oI..^..et.3"	.
.i.7.s3.6I{..F..O..S5.P.....we.aX.6.X....A.o.7.O..........>..#..G.S..^..t.p.@(.G
..i......C ...d........^......n.])..W....P..@...e.^.....LO...Z.OB.7eY.F'..@.QZG^
G5...U.....5...{...m..<bc.\..?{d.+...g...!~..)./..=.....:r:p.Sg......m.)...\..
!|m..nj.... {.G..".MB..H......C"r..G.	.!.t..s.,...7.R-.	x.Y...P,.Fc:.|K;..esKk~...Ue...D.....R@
..P...z....r ...?_..H....m.....c].a.3|......B.f&$.Mh......Y..SS...P.2...|....M.
.!...<.."....o_...5../...Xqa..(.,....D.U..W....S6,q..[.|n*./.t..j.	.&j.Z..m>...N	.,t...=1-.I:).j......._7g..jD.S..C
).M!f.._..t*........
....Hr...wN.rH.S.%P...0....g9.IZ.\.^I.p....Zb.K.f....9@	z.M
$......%..A.5..`X.M'.S	H.s.@O..._..c..~...x@....d..]..........p,..$+.R..'.&.;...
S{....*/.(s..Y.B.).b........z............7...[....17....G;D..r8.D[N.].,p..B..:"
.....%.w.zW|.<.0..........*..H'.,c.....7!...]....H.....r..T.<.. .............\$.@....4.G.{.`k!...
8..:..y........jf.YImJ....!..W.l..hI.4..hw._....{......B.....5f...^..V....*....
I
.....a.Vk..;......j...C.........aK|L.'6.qI.^.'W..........H....^K"3...i..O..h
..t2....j.#.E...ZO.I....S......h....f)...........Ag......
E.=...90...)N...oK=6.c
...;
.X.1.b..V3 A+.n..<!I...g`t.....E.l.1T.Z.3iu..Y.&9%.......e.
...,..|.vA.F.%..,@]Y...`..n....D.,y+....F.=T..Hni",q..K*.e.....B...,.iA..<.u....#.).,.....g..[.&...%.,..B....Y^u...:...q-.c.Q..@B....3
....J..{7=.....@@./....?.pQ.3T .zb..2.Z`..#...Q.dO.4P..I.v).4K."|*+.8G..%...?..
.......0c.X..,....`s.#..:..9.W2......S...?sm..u....m.Q.-k....1>6..fU.+.l5..}q.Tu
...,..|.vA.F.%..,L.....[rf..:...+..lK.	CF.......5S.j.......U................O.<&
.6....w...pf.....u....N...>.V..4.nI....\.....,=......P...." n.nEH.C....&H...[P..
......z?J.j...@L..m....v.o5q".6..........#.-
..
..:...9....*..U.k,.y...\.~.V.p
..#.]./.n...eW..C7.b.@>..........=...{..&..}J....y:.g_.....n9....UFM^EQ|.R...Y.d....tb:..f..R.
#...
'.o...5Z'M..q.V..c2..[../'.%.y....v.S..H.%.,@.......u.~....P,S...N...........,....x+._.......,?...`.BdF.B..J..
......V=...K.h.,..6..... L..K.L.,T..$.I..'x;.g..u.K..V..K...>.6.C.(N......h..I.U
.9..#f.N.P.\.=M;8g.....O.-..v[.,u..o@[9#.......,*..6....]tO..Bmx.._.....HC.)r3....n?.W....|Z..r.2...;.......Z,E.
.	.u.....l...].....`...i.9a..c.$......i..!....2...2. Y#S.Wz .&+.<..d..}.9.......
f.u....n`(...Z>.Sn....O7X.H^.],jW<....Lz....'.."`P.7...E..z#.....:.A%......g0.....(........y.D+
.._r..e..{.j.3.....i..D&.RE.~,..r.R.|.W]m9S...,.R..q*q.C...`	......	i.p.......s07."h...79..".V
[(...\..@...U$..\l.....b.)..3..I..<1@.....o."...,...D.....^..W.:.,'&...H.;..r.[i....p.x..i......u
.
..E...wZ?.....s}Z..&}......VQ..u.~D....K...s,.c...X.".ij..pH..EBGs...`..\	..'...!N....y......
...7%..../.6Ea..e.|..^.V~y.........,k.
...'..'.I..sLd..D.O.o#>..u.C...^..A33._x.
[.H$P."Fo8........S.2.8.&.,....4..]>w.
.q&..O.]IX....+6.GAU)h....`....W.T.l.?^..
..~...;...7.bI;.O....9x9.......4.s>.$..?.5&f\....k{..g^7.4.3...j..D..T.T......
Pg..9......5X....uMK<.....w.....,jW<....Lz....'.."`P.7...E..z#....(...V.c..O...E
.5.L..S....d....{.Q...vZ.D.-gSd,......4.;A.......A.cNV.3a..I.j.T.....B.2; .i.3_1.............E]
w............V.J,D..JE....g......_...s..h'.U....,......4.;A......E.B&..Xi.h.m....z...p.....8.G.F.
....Bb.K......Vy\.!&....I"...........E&....}!.f..@....W8.`'... `.{.......tj...
.........m.....,......4.;A..........gG*P...@s.[..I._ag.vx...?..,...rH.s*..p...I.p!..4...P...f..X
......Y......o%\.E.p...QV...Z.^.a...9$.....bV..,.	.....)..........o..? > ...N.c.
..wR....K>...IuX,b.N.G...
l>.Pg..C......A.f.d....?.,D.1..........,0r....C....:N..Z..-........\.m
e..w.....p_.....~e.oa.y.;s...........X..s.~@H..,Y...P.&.....vO..e.......p......m
......Y......o%\.....S.>..Qv...w,....B..pK..J......+......t/nT>z.......m7....8?.
..2.	.....Og..,..,...N....F.wt....X...ug.2xs2>....	...fA.l.F...,uV..iI}u.xn..U.I=...u;I\.8s.Q9..
..Kq... *.g..1...B.a..E8.._....k...X@5 .!
?...... ...p.,O...E.6U.u.I|.<.K.P~n. .
....W9i.&.#..o.K!.........?Pp....(I.#/...M .$aT.......@..Fa..j....7!3..c.5...
z.F*.......}..h..+p.....7XC9..t.BZ.-Y	.8S[z.......'..Os....$...._......0..p....
..aw..:..*X?`,QN.8.i#qlWL.k..X.....$3.0.>v.gbU...q..^.
..A\<;...KDz...]..	.(..?
.....
...l_....v%g..fs..._.E..$.,...Vyn...".....O,..h....2..VT.......=....n.....:.
..csY.D 0..f{.....' .wi..r.8.l..j....P...t..(.y.2!._....u..=..[..n....w..D...{q
..L./.f..`.`..y./...uN.We......f...uH.... ]...\..q.5.h5.r.(......MW..!."Y..EU.y.
O....P............=.2..~.%....c	o......}2...0.R...
...$.rMg"go..zP.`E..8.LH....C
?..+ -...`^4.k..(.X...%,|......k..9..?r....s=.8.~......2........O:7M..E>f......
....$....l$......_.....Fw..>#^.".....9.....*.'h..........Z|.........w.._yb.....
K.DP^*D....|.u.l	..........:........a.hM.%..8AX.GcZ...J.3..........DQ
....0^N]z
E%._.l.4_!..D.f5.....|.c1S(...D.#..6...0.V^...........x.q...P..C...B...zoL'..ra
..|."..z..,I^.s^..5.W"n..>.X..a<5.u=...p.N!.o...H.H}q.........E.n.e..Z?..=...i..
>..j....'..<.\:.U......\3i.{k.9."._....&..N.EV.,6..j..'.{...G..,n.E{e..... .<....w..{.!.Q60..F.....^.Z..R......
.ug.P.,K.H./.2.M.F.X...!.%.....w......RPP.[...rS.8k.O...t..w.VIzC.gPh......%Jp.
0!.
..Y....8....a.....B:..I...	..T.........*......\....f..'..h..	......P.s.Z..R
^f..	.8.9..J.W......q..KJI.*&K.W..>^.I..Z.^Ks..X....p.<..:..4.
.b$..DX.85......u
Z...]..1....C.....;...Y...O.S..cGV....!.$........9...$.\wO/..Z>,du4....2....;..k
=j@.f<M.k..~.@...e(5.~......bW.m....~.I.(^<Pt...o%.9n....p.....6.re....$......
*.......#2......a!....d.....o.1\,..Z..%......`.I0..U...7P....6.N./........d.W/X..b.d;...'......xm
D.g..K..+...S X_&..bR..=.|...|M.C.LL...D.l...6..,...........]..Rg.5,.g.....I.....
 ...%..}.{.CX.$|=.^....b.....1..$z_m$..vc..o....	\...).....dz.".e...";.0c.w5.
!u
XB../ Y._R...X.',-.6...d......#.a~..[W..h.I..T..._....^.Z...3.....a..P...x.4.u.?..A.....l....
I.a
...0..VR..(..R....9I.q.r....5..6...:..wA.z.k...FU'W7;.1........X+E.0W3....e....
G.Q..KA..;t.7Vq..zj.#.{.f.."HjW,.g.._):*/..0.4U..E...I........u.,.....?FW..x.k-.,M.....B..?.,Y.P.
.v.G.f.Be....|.@.e........S>...,.h....q*.. u..[....:.n.!...X.z.T.......e.j.r	-.>
..$.!9..'......;H.b..|.D.$....$.X.Z6...D....:S.r..0;.......K_&.C.p..8D~..`]W..k.
]......OZ...'.y.......G..mi.+-....4.............A...^.B......c..Gip.fnC../!.I2..
QK,..l..?..w.....a..	i...OlxOAu9........ (.'.....0.r.....3.;...M.X.R.a.0.s....
xyE........^K.../.=...-...9r91...("..[...!... .!...9	....5...3'..*+...'...\...6.
e...[..?W...96M..R\.cGsZ.....$..2..-?ck.\k..r.H.4.#....d...c4.
g.U.u...aI.t.#.*.pi.:..a............?........w~.,.....c.\>.QW........z.L.}.....p.
....J..!.]/..,eK.}..Z....t....*......-.ij......,2d..6.....b....3W.["...bw.R.)X.
.mZ.......<.0..A.R[......x.\g?ux.r..H.Mp..5..@.`e.P>O{C.?.....\.Aw........{.c.d.
....~..c; ..)...,o.n:.../....u...
.. .MT..t..J!...,.......u...._%.L,.i....c.t..4	..v.&.Y.-...Gc.v..+6O....N..[L[.Y..!.O$.E%d...U....
.Y.9../	...OJ.C.
u.q...}..&._N..TR...H...e..P..Q..c..5..R...@74.....AP.K...|..<
.=A ...jr.Ku:...
.D.....$.../g]\
$\.../n.....E...,..^d.g..Z..<..~
d5.....H...T....6.-..A[2ix....Z....If~]$..TK.\.
\.6..E...#..a.0.b4.,....}....8..*a.....q....m.C,9......}.i4.M.#....U..8...C'....,.........};...^~
..bN.(....Q.W.~.:......V..~...v.,vH...(..J.......BT]|."..........,.~.ivh..y.S.K-g
.i....W..K..My..S..?=..D#.:rM.%
,..P..Y.`.....4lr;..i..0.t..6^.i..YR.......LY= ..
	.....hrG&.}|0...a....S..sx(..q.....uY....9..Hx.
(.e......C...8g,
R....u$....I.J..........84...qVd]m.....%..`.m...AD..pGO`'...Z..&.........	&m...U
.....YT..z..>.Kb...._...tBlr..i..E.L.Yw.u...Mm.n
..m^o.p..V..."...QD..-B.J4....S.....<.;3...H.pe.qLQ...b.y...\...
...&..P.....G......]..m..6!....6*...t..f.....:.g.........|W.-.I....s...9j"X5K.8.
..7......;....i,,*.%......U.&...\.#..`...p.1..k.\Z.#...n..e.C....H.t..Fcv.5.s.a&t..t..1/qGp.....
],.@.).,..[....hG....\j.....0HO...G.=&'..(....4.W<.....d....N..7.-?.mdB.:......
X...K..C1.a......Y../.d..*qn...;..!.r..!.o........
L.
.&p.#.U)L.{J......].!...
{.....K....].....R....0.%.(O.eY.X...{L. .9.A.kC{.....p].......A.
.eS..|1=}... :Fs
...-....9K.\V
M...^...".~..~y.
.a..I...o6....h..... Z.^0...jSf......Z.J....X.&.m5..o(.eD.-..<..w_w.1Ipv..X..9.@A...?..E..q>.T.{......7......
.'&t..~4....Hw...%...[k..O.X.%x.t....@q..?@./....A;.YV..pk:...-N..	..8....+;.U.
..AY..?.<.j.xK..}M..x?B.:k.q./$..Z
............n
..t............O..X.q6.8.......R......O....k..O,/..ML=6p.C\..B..{5.F.-#8.Q.......`*l<G.+.....Ea.,\...>
..*;L.....
.5....uI.f..?..)...T.J. E...U..,J.q...-..{....2.C..
.I.iQ..p.M..,...%.;...,..682..`..C...^"|Z........d......L..
 
....RT3=..Z..q.U....>,#..+.....Y,.2K.J!i.......g.f...`.s.. M....\.>_....a..k..~,,s=h-1..p..V...Z
...LF.~..........(......."..L.w.,.e..&.....>.!X...^../+..g...P...,..."n/......c...?r.......F.8.o9xqx......]...}..,.....0A.V...n..7
....#0...S.c...9[.4V:......gq.....oT....$?..x_aZ,..P..Y.`.....4lr;..i..0.t..6^.i..u.p....Wy.m....,H..z..^...\...&>
.	....$.=	...C*G...j.......}	..,.^..S..F.....>.......#XN..%.jt..~......_u3..s	..,$.n.....+...1T...J.m...d..L.n...L...g.6..8.>..W5
.5v)3..;.2o..4...MY..d*."..0j...,)......#.
..+C.e..~V.W9I.(....2....`...~.f|^.\..,..p..._.....h5X.
...O.Y...bq..eH.`.......0&.B.j.,.`Q%...X..p..Y.P.9.U.\V.@...n.[....@c...W...wY.,...F)G...K...0.A
...oR....`t..GMZ..+4!.....Og.x..,.5..s...|.m.......j.....U.!...........Vk...6zF.,vH...(..J.......BT]|."..........
.y{.S5..//.XX..4y..2...dR&.~....,._...J...[.b....[.'.!.6......y......:._.......k,.~.ivh..y.S.K-g
.i....W..K..My..S..?=..D#.:rM.%
,q.'..e1.N....k......=6....B..c..{Y.\.......}.0w,*r.nI....[..). 1
6(.{...I..bb.....+ u.....S....w.,8*2V...;..F....v... N...S=.d.eF.e..ZcOSO.=.U.7.#,..Wf[.9....u6..Z....$Y......~5...G.P..$.7....v..
..#...n.....S..:.xN......uG.<.o	.@l....?.>.F...0,R.[.......=.M..~.K.A._zf.....$[..$EF....6.zv..`,&[4........ ..N.
'........F......l.._......uwd..,.H+..]..z..k^.....;..U..........,.WYT.1`(.<".....5a!..-..j:r.S..Hzd....d;.)|..(}.
.o.!..\......D.=.<1...FX1.........?+$.G..!.d|.dA,5d.i.|^C.)~. ..@.T....A|..u..S.!...y(...W.t=..n`,0(....tU.....Y..
.?....9......Y|........+F....Q.N,C.&..Xq..w.qX.F&..4t...-a.....W.jc...h..N../.n.,......;.;+u.0.g.
.' "K_.Y...h\x...d.@p..	...~G...,+5(8..Y.L.)....`.u..-j94.4..Z....3.R.....Y..#..,.....Z...U,wQn|.
.i..}v.$M ...xm..VG?Iu...0..vY..,..
...b'.......i..z..(..a...7....E..T.+.,..+....,...\6Jh..3.*.....4.k.@...[...u+.i....	./.i0;H.O(
a\..n..@on2.............../\..E...C.B}pE.1.	.?.
...F....G[..A&.*
	.....hrG&.}|0...a....S..sx(..q.....uY....9..Hx.
.......Y..fY.	g......v....y2..2.,..W........1...
.O.E.4wg..*.
.J.,.......u...._%.L,.ePJ2..........J2d....'Q......q8
P.......nL...V..
..7......;....i,,E.|..a....bXm.g......V.......q..>.&.l5..p.X5.n....N....g+..kE.y;e-...*O......n.R.x...2}.CLf....U..$.D>j......
..y....O.Z.-H.Dj
.a..I...o6....h..... Z.^0...jSf......Z.J....X.&8...<w.}..{g.~..n./..(0..g..,.E.......\N#...v01...._*..>.<Z].U..gl.....^...~.Hc....Z....P..Z....................................
..Im...........<
_..~.......;...."..7....R/.u...d.[h.V....J.R..G.4....s.u..2Vz.\
MO...1.-.y.y..n$p5=G7L2w..YO>.......gr.<.g.R.Xk,	&.^..G.PTp...E.`...v...t.E..R.|..p.,.g....?.m7,,.(n.V... .gy.A......=..a..b...!
..CO..A..,V$..J....p..Z}......{......|-].....7.,0....f..,...#.y1..4AM..K.....vr?3o..k>.....l....
x..KmvC.1%. `.v.j../I.	.r2....<.
.V.4r...r..y.....`.[.i1...K.......s...4........
D..a..:..]...............u?Y!...,.1..s1o.zf../...,..W........1...
....[...@.4.]..0,.......u...._%.L,..[B.....L.;]!......3.j.i....X=.$.?.S]..>..8:W
S.....8...!t....
................A.. .x..:mT...In......+...U........37..[HK.i..X..........s........	......0.N.6.
Z.ZrJ..........i..x.8 .....?....2
^.t.....+%..eW..<...X.|.d3.{,M)U.".U\f...Xx.v
.'..}.%\
..G..N...zg..
L.r...m.1;.......{..M.M-57X..&6[..Z...g......RZ..O.......
..y....O.Z.-H.Dj
....$..'?Ty..Y.w.....K,..5VG[|....v#...r...6.d.0.L...H`.v....*..{.c..a.....&.Tvb........9'A.J..
b+.%.c.Xk....S.pt!.........)B..z
Eh.._.P.4.;... ....5....5.......
..#a.$..=..4...Hi........IY=	..P.`..l.pX.....,5	V.Y'GG........S..*...L....Tp.,s.r..D....E_1[..
...H?.t.*0e .\......%X....jdY..
...F....G[..A&.*
.......s..O.{g|..&-.<.....6.|....h{.....&....p
.i.8Z].7:.......
Q.1.p.........SF...V.n...D.....r$....i...y.........O<...O.qE......".....]D\n.j..
`.....".
..zWY2.....e.Rs#iTKXz..up....	.&SB.P......7.......S..:....SV.y.+].\..G,EZ.ZBI....Fq....
......X....e....%..6....U...n%.m...#X........_..... .C..w.9.CY.i..4b....3.....*
.eS..|1=}... :Fs
...z.H..\-.6..>.
V.M@..?..d<@xu..E.X...j......D
..l.1....+x?3h!{,x..A0./}....6Q.R
..v.....l..h.t.\=s.......k..tyZ
.~........5./......^..R.a....- )
...j..r.q.....>.....#.T$j..>.S.+
k....k..s3..}P.E.V./.	..........sH"....6.L.6T5
V.M@..?..d<@xu..A!8K.Oxe.x...rB
.........].s&3h.
..v.....l..h.t.\=s.......k..tyZ
.~........5./......^..R.a....- )
...j..r.q.....>.....#.T$j..>.S.+
k....k..s3..}P.E.V./.	.........b(..../:..%....n,..W........1...
......(..V.6|...,.......u...._%.L,.$A.k...W1..#"|9.......rD...n..Z
Z..E..l..m...|...N...FjK.!.o...r.I.#Z.'....S..q...*!.k...}.. ..[.L..`C.Q.;[.I.K.
A.S...H>
..........<l....
a.r.~e...+....P.H....O.B......#$.]5....K..*.a....m....
..H..~.-uX......5.t;.....U...?..f.9.7..L.q..1..
H..Q.m.	J?..-lQ.[..n..g,?2.c	54
|..~.S...>..1.@..G....J.......8..0.s..M%.=BC/...0.SV.3"%{..}...Kfi.v.d...D0.W.
.H..w.{N...aq.."
<....?.*..3.M....<W	/Q.KB.? .S,.Y...0..9......":.$[."5..m@..l9^.6.+...:f$...I....9.'...I...g..
>..RY....v..*..5.hn..-8O.bGmqR...-...4.?.......<.F../f0.....
.{
,_.U........H.v.....K.]....+T.vu,.i.(.].".5..TB;M........F..</A_ ,.'..p4.b.:...)..,.@........>.I.'.,)..0Zc.L.+..o...
.h.R..!...D.F..,y:?v.....,......g....z/z...Zg..T...	'.N..X...z.`..J..}.....^..8&...joOy.;.G"../
?...5.Ha...0.:.M......Q..f"WR.6.L.A..
>~.+..z..

s...k	<..U'..).-..a.j..z.L....[~
\....2.=3..tI.8.,..W........1...
F.......j.<.....,.......u...._%.L,.`GWU.>#..M....0w..;hU.....4.+..%m..ku....F.^.
.....'vt.#8....IX......~.i....w.u....y.Y.=&...k.
.T..UIpQb.>..I.....HW[.N../X.0..,.Z.B	5s.A....8m.
v(*.c(.."#'.....,..	..t...|F....v,.....<C.E.i...r.
\.......WM.......8d....@J.t.....
1.......(p.l.<.?
C~..sk
.$.4...
..h...N}..`E..}.
...6,..^.=.d.s...5s*.4*/.f...QM.n.+9...m.p?..=i......BGP>...;..{
.......R....E\..
.....Y...RK..qL.
.a..I...o6....h..... Z.^0...jSf......Z.J....X.&..1
...Z..+. b7)@.G.I. ..
..M.5.xP/.U....N..6....Vh.%28.^...1Q..1..#..Z..;\n.t.....Z....P..Z....................................
...>....[.$.m2
SkS......"u..fr...*N.W.qr..#..M.9'..n.!.}@...~...L.J..$..........
.Es.....V.`...Z..=.....C.D.Xa......;.J.P..hl..=...u+"....X..-.5
~f.l.t......#.a,.Z.#*.	.=.|%.YZ)....e.=}.x......
1.......(p.l.<.?
C~..sk
.$.4...
0.*..r\k.(.Fy&.Q....{...z.N{g.....Q.&.i........0..!...r..$.xGO...vOh.Y.+.5>..P.I|z.Rp.y-...dt.5.%M;....2..Z.\.1.,h......`..o.,Y.$..C&.|.A.E+`)-sH(.BR...3..S...$.,....i..@.k*^o}...U.6Z$.....H.\K.I...x..a../>H.0...d...cY%.1...x,...n*	"...........&s...;..T.y..q}...S.T..q..U....A.pi.>.	.Y$Ya.).Bm.+P'....nh.*]."...w.XH...'.&.&..*.X.r....%.9H..r0....&h..w....Z....P..Z....,.~[.T.:O.Z..Nq...n.8..9!.s..3..,...X.l.OC..-L3...v.9h..!5$....'.,.O-...D.I[2UC...}..k_7...8c.XN.#.1.O...&n&./3.d,m.....b..x}+.N...K...d#.....W..5&.#.z[Ds..})..GHT.....ou..{...yO,Oh.'.i.../A...!*..V8...:...k17mz.I..f.......D.5,$.1..>.Y.......%,...;t..r.bTC?p{M,.]..V.....e.od.D.
F.h.........HE.N$...b..`._...*t...0....t...B..,.rRk........A`tH,.t....K2...R-'6...0Hj..R..n-o
..s.v./&..........`.....j]....3...j..?...l........w.....m..vc5...,.;...u....`e....^.b;...J.?.}..q.....u..D...+v.x.Bb..1Z..2e	CB..1`.6.
.....g...o.~.J...W.!.....!n......._.t,\....8..Be.....B...~...Z....P..Z.....f.......f.......f.......f......pg.......h.........Z........_....f..............,....,+.....@)O..@2..Z......9...N#.y.GUr.[u.A....
..*..w-8.-.W1Z.lmU...)qg..A.2.[.
.....i.wTAy?p...z|^k9.../B.o,..W........1...
>..(7.N)6......0,.......u...._%.L,..[B.....L.;]!..\y..2...=	..D.,..........R..AYqPT.../..........
:G.b.zY..\yI%r.,M.&.......g(...!..f.I.
.x..o.........{......K......=qr..3.1..|.xq.w........_..;../.!.d..x.....rN.=.....8......Z....P..Z.....c.......c.......c.......b.......c.......d.........Z.........*...b.......................\yI%r.s...Z..................................|`....................W<...............5..............kRY1..............x[...............>............}qoM............a..i.............S@*............6@.Z......{Z@.?........Z.................y...?........Z....0..Z.......Z..../.......,T.mM\:...i..R R=.8X{..L.,!O.q{g..[...)K...`z.@.,.......=...p....,@P....x......>..\.1%....w.........M..m.q]h...........>.z.	.o....,..W........1...
......V...K7-h.3,.......u...._%.L,......<..W.Q....v..H.j.`M..G.R..w..K.%.{....+O.,^...;....c...31
-i..8...0.:u....x.Y..9.....<`..P...J.Ce..3:....
..G..W.Ikj.%..#.....<a.y......s,..W........1...
./..%pcE$.	.LU.,.......u...._%.L,......-vB\...].6&..#.2$_8...A.../.I.i{.u|.*/I;q5
.g...^i.z.k@.iJ'..H.]...ugp&...g....t.....1..Sq2@d.dH.,...Bp.p..vp..G.0.#.o..e.z
....zG.^......>!,|..z..2..lO...
...'........=W...$..?...'...h....l.rT~.A,....$.3

.I.c..U..`ez:...,..W........1...
$.#........u.Z..,....Ni...aE...z@,/.k.GzG...a^c.b.W."T.%XL ...e....	?g|..C.(Y_..Z.....9........
B,~H~A.`...l[.{X...p.^m....e..'wI.E~..P.I;,VXg-.~...hpd{..&.r.Z.MK.O..t!.$...
.k..P...._.{..5u..H .6.k....7..,....},.....8Rm..q.K........Fx..-......i....\..;.\I..l....[)#.-.p
>.Q 2.m)X..Z{.\.,$..hM...~.(./..5.NV.T..@....iU...F.z_...}.|.8.	\....>..?...|x[.
.7Y.;....@.BY...
]...mF.....f.E~..=....X...l...mY78..Q~av`...h.2fS6G.]..(..K.U.w9..?.#9c..9._...
....Df-F..?.....t.g...p.`F6.O.......`.........r.... b...).'r..v..3AMG.vY.m.\_g
....r0...?..\.<.+..............*.u.u.i.dG..8	.}..@	._..E...*...x.9\..}.e+...I.
....?.6Rw:...X=..JXc...+...t.......w....dW....^..v..E.z.PxlR. v
P.E.dC......O....&.5.....j....Cnzcq.1...\..+.y.1.....iC~X.$/2..,<.<.8..K..I..]t.
....l....2...2\.<..E*...w)k.c.U<.5....&"&..@|.:...i+X".kg..8..L.
....M.T.0..9..{#7.23.c..W.^...b..]>.....&m:.[...,.e..G^fM......D}.:.....U..)...
.......
Sj=.....
lU..%9.%.W2`Le.f..Uu.8.i..)oA./.
[H.....
....!Nj&Q..	.@.....z....
	9.s.._....RbZ3..9..]...b..*.'........._=.v..t...4r...U..C...l	y.....n...;Q....u
.....9..z..{.....wS^.X*YO..
.?..
yN.....^.o:k...c.T...P..n.S.6.$.L..\......_...0\^y(.....Us.] Iv
%.6..y"u}....w......v......;Ob..h.>s.[....<...qek~.`..7.2k.)...8v......1.......
....'..w....... .[..... ..PfD`.WO6..$e..1(>\p..,,f.SqJ\.5I.:......bz}...&...|<..
=.[..Z.}.I.>.S....a.j....h..+.x.Su.........z./
?e.<r...]..ALM...R9f...1.y..>3T.0....^.~m*.:h3..._...R.}.{7
m.@..t[S.+=aV.ML..
I	T..."...<..d/. Q7..j.o~..Zi..............Y6..G......l. .`~..............C&.i.
H..&..4	.....n.c
.9r..!.....e.....[.Yz..<.tNR...0/{o-..?O..!v./^.|Raf.~`:e0...{
S'.b...t.[=w-..,..3.W.;.Y~..b..m..V...r....l..!...K+..;...h..&....../n..o.NJ.`;Fd......Ls7R...R
...."..L.z.v....../=..+.^*...h..U..."0....RY.4..]{.D......dS.J.8%....=.f.>WV.Q..
.............a.1.`...!#.=v=@.3... `...V(..^c.../..D'V...o'......V,/Y.Q.7.f.U...

..a.b0X._.FL.....-.!...b....Pj.,z..$&_d._.v.S..H..V..(6...S..-..C.;?.|.(....K.O
.>
..)..".........|^.	1:vY....P[
........ #7...|..2..w&/..M.:J-..
.;.=).!.9g......, X.'R..6n.x.h+....D.2c..C.....Xq?!A.BcR.7......:.......[o...2.
2....!..U3+V..K:@-S.c;.{q....UT.....LWW?..J.b.B.K.....O...+.9..YV.0.../....Y8
....[.:...=i8.i!..Q}..xDH.P.'W...,.3H.J..Y..y|.|,......KdY@>%T..X..g..g....R..G.Z
>._...<.......zi.....U.....y...8..3'....1	.*.....e..v.d.m...Si.a.'....b!.....>E.....lr D.d..*^N.
.Bqpd....V)h1fq...h.........t0E.T2.!.Yi.(l...../Z?.k..[.....I.L..r..eS.......|.
..d........Uu..!o.*.TZ1.u.^B..>.b..C.....k2.5E.z.j....\gPY/.U.V..XV?...].H..:..
.:,h.... ..,gJb% .N'......d.u.
......Y......o%\...Z.q..7.g...........p;..O$uL.D../.R.O.1.e#]...L...C....;.O.Y.
..4>O....Q..'..6b.h.*@#5..k.......*.5.D....Q.-.
.v...i..w\...g5|.C
.=u7.......< R..........(.......L.;]..3......U.D......m.C...
..J..$.Q_.-....x3./.....@....._...D..hpY6:rC..3".....u...,S`d.
.%....H`%../.p*.
......Rd.K.~8......1D.E\.n....y\Ms..<.m|,+	....f..w..{...I.+......=a.<1...(.v.d.
..,n..L.O]B(.\........]..  ....]..0.x.e...\..+;Yw.....jP."xY...Z.1.!2....Q..*@.z
.....3O...Y..F...A.T.d.}i...f".k.j;..Z.%..[..EX..'.w_.D.....T.L.
.E.W. .c.a...@.... s...au.
.eA.wjx ....X...+.....W..4.G.....fY.I.G	.'.._..!a5
.S.kH.!.F..m......C....-.;.>+..W.vB...(.KH...].^2.5.mF8................V.;.....
.....Y.S...(\-..Tc\...&....`.~.........&.....%...W...x.PO.q....	w.......~....
1....!..>......8@..hz.g.<..2......B.....@z....;>N.{y....6F.....0..
...]W.$".^:.
z
......p.....L.,..l..`Ma......-|.Fc......C....\:...'	.."c...Q....Zr..J.e.G...C.
....O~1:U.4.Z.~J..>.%TT..WW
).k.....Np.8R.x.....P.[....~.4.....L..=&4.z...6D..f.yp..P.-.d.g?."d
 #........x:.?4."...L.)......i@k....Z.....%......!p.!j.:...)~.3.D..b*b..e....S:
E....
....+w.OY../..C.....<$.L(.W.07...;.l.........?C...l.....A,g...k.$..4w.-w..C.U.1.D........9
.	.=....a....n2#8r........... .b.0...m....?.L.J..r.[3q.?./....4...dp.......\L+uX
.2C.i.~..h;........&..G......ur..	5....Wd..LWj......c....m...kyE....xZB.......C)
.O$..B...]#8...4,
.L.E
..V.b.Q....T$):.|.=.k.6N.%
86Z....8O....Z;.A..9......./t
..A..>1(	G.-.s.<sJ2#....I....<!....T.6./.....	.....Z..c.(......R|r...4........
H	...Y......Lv....t.G....Y....y%C....8L....{...x...1..p.......?...4@.....;q.?._Q
4^:R,.T....".l./..........2O	3..tsJM...#.M...y..]../Z...Z].....D
..l..;..H...qq.i,8......j.B\a;Y."S.EP!..."H+.u....~.TH..V.f9.... .?.[...paT.....,...SP2>.).;I.o.Y
.l?...l.........w.c..E..sd.'..|.k,[.q....!=............j..........B!.O..M.~S..
R[..L.f..Ev'1..&..X .'..I..+....x	4u5=....&y..n...".9.n..	.Z3._^O..........i.IB
.fn..%..5....+^=.a..Y.4.F9..K.,&.$1.#...*.:.....|{.....3....R.v..............
M^F<.*t	.t.@.-
........	....6.9.qx.]z.w|.....na.`.....K.P..B.D.h..8e..."R...vh.
..k._:.$.Zz.@_..E.(<...P...X^.V.}..S...2.%.j..g..K	.i..$VU.......P.o.b.
...)k.K
y....7._4_.2.V0cC.0....wf!a7.ruci5....#=...p...3O...6.	N...]......qJ..f......1..
.......T.Z...0D,........*.....5S*;.....p:C,-.hWYFAO.4T.....V.F.f
0.6v.D....'].(
...C .......X....x...c......P}U
....B..c..r....0
..6...D,.D.X.\p..y.FR.......C..`'S...[..../...y....mB.s*....-3y..R&.'i$....<.
..#.*.M.4.....#...O|....(..4'.f..|L....s..h=G.b...*.t4|..S..ylP.;57o..f
..@..
P.&...m..,$5.*._...q.......h	x............[.:.....IY.....h.BDU.T+..[...".ei.u
.
..T.....X4..UY....Z.}..'.s.2)w.i(Nv....U@J..{.y......S,..........%.}.$.......
.gV7....@...ifSu...)..z.bB..dENz[.Y..T...r..v..%.L....^..0.	..3.55...sk.V_...t.h
...I.a.....GUh..........s.I....K.P...|Qz...iL....w%.P..w........0t{.	.{A.'....
....k.]x
.xd..`..a. 05.EU.9..[.K.3.(.0...Z..._o....r..1..i......rT../.h.|....-
	.%..fGM..j...n.....[............D.q...f..O.|.(......f	$..t.V-G?....#.^.f....... ........'O3...
%....'Q'c..)...Z.....^O...W>......C6.K.~*]...Y...T....J1*.....,...{R..e........,..5E...#.....TQ
...sNp%...#N..O<%...L.)....g`....fEI......~..j..:...z..@$.._........G.....|...1
G. c.M.>."Xnq..X.f8......D1.%.t...A..%.@..:....
..k?#..Z..y.F-.\...=S.'U...G...l
....=.....[)..~.P.I.[P....o.lo.\.5..}/c^..5...6..c.=...!a..j..o=.wk54...qh....
.....`.*.o.O[......"'......$.MZ.2;.d..J.....6..#.....b...m..>:..V.B.v.L8.,...P.7
e.l...e......x.*g.................W..=rp.C.W.....VC&c;.......%.C..<............<
....=.....[)..~..
.*........O#H...<q.-/.L).k.S.....=..;@./...z.87.....?....,~..k
.........	.	.S^.....K.U..1..............
6..fd.BAA.............^O.r...$.....!.
\d=...g..?s./Cc.\...a.....mn0.[..?.%.q.'	..+...=.......i....`Py=..Qg-.........
..W.p..RT.&@djM..C.e.....X./.Q..Mu.W.....)-.Cbf01*..<.e.!p.weV.Af..U......../.q
....-
)..p.eEs..."..3.Y0..E....gl(/....4.y..P....6...f.............0....J....Lu.
p(&p7.E#}Q.0......4QQ;..i..<C.H.Kg...9.&p.>h...
s,..9k.../.;.	h>O,...Q c....2.......qz..+..T....
Y....p......N2.5........N~.<.L...`.....D......BRy..sWs....?q3..$- e.Y[.........|
.8.+R.........Y........e.}.......U.@..r<........n......v:...zX.<1Go..5P.3..a.)..
+..A.:9...jW,}..y....7......4.\c.8h!...*?.n%&Z.....j.Q.h*..d....0....En..S+..-'G
..y..}*]...U.V.P
....+	.. ..\.(.z.....d.+3.......hI.,&.o%	M
b|z.Fs..
XJ..P.W..C,5i_.Sql.
x.-...
.....q.DZI<b.............N{..;.......i4.......V.Ia.....l..6...E...s.........I.
*..6P\.P.0N...d......:.EN..4.2.O.a.....(....T.f..e.T........n2x
.........u.mL..J...............>....V3\..O.j....8P[.Q..ga...k....g...U...o..i'...O=....u.....M
..u......%.6......k..... U...c..c...........[..Q+.p.o.F.......4[...'..r..:...;*.
.z_...........'...(....P..
.C..i.@..XP..../
..I...^y...U.*..GQo.
.).M14lC.....i......:.......5.o.Zz.n.....
s~.|...q.'g..5X....	.P.%.e.{R..V.f.6..
......1.8hi.M...Vwk....h...7Ut.Q1!.Fa7.MN:.	..s.......3..b[\.......Z.z......Y..~
.....,r..3.;..U#,.).L.....T.~;......A.....	9.e...,m.T`|....fD.g...o.c).w#.....)...X..~	.-$...c5.K.
.O#...........\.]....5..^...$8."N.1...........V.
.....).9c....W.....I.-..Z.,.j.
..c.I6Y._.!.m5p"i%........{....:...R.&	.V.....l..
)...r.......KV.,D.
.[.s...c.j..v
........t..j3......;.^.F...+.....~)....}^..d....
...mU..D..fI;..a
vW{..R#.,....D...*/....&j.>.G..$]........2..w.Zc,.......%6.....>.n..Pi.KI.`..CQ..%[.k{o.$d	......
.`..9.6K...y....e..~
.i...f..on....f....,.,+.........jai..;..........x........)
g..cH%5......7ZW.P..)...D..o.......g-p....B..i^.......A.d.Df]O...	......;....!
c"A..uu.NO....%%......	..o..n0.*b..">&2.B,..>s_`....#.J^.g4BG..Q........v..S*
....T.*..Rd.....\...J.L.....fL:..l.Co.0A[...180
..,Q......?....45..L.I!.w.....:G.4..i.......O. ;......m(.{&!.U>..j".V0VE.m.##D.
L.....M.h..+.D..........~ .BSx_...7.o..eR.X.@..`....6..uh.........bX&.7U.+K	m6..
..B:..,w..f.kSu..../.DW...}.......6!...".......S.5O.....LAU9@..G..Z)3.....<...t
r..fc.p..u6..T.l.g0..(nx.&P..I.B.:X....N.J....|9.V.Q.(.&v&F.Z^wb...{.\..m..Z...
.....@8.l.^.>...|.XJ!.....Crhz.....@...*M....9.........j..`..s.aC."|.-...Z.....
....~..c; ..)...,o.n:.../....u...
..$....Q.....v..,.......u...._%.L,..l...L.K.......q..x.L....#.Y....z.d....A.|.L.........~...(NK.j,...R:..e... ....<.............]9
...=EO@...zbw..b.....I.T.R.a..|.'.M...`..C.D....c#.i8]..-X...7G.Y	.78,,..9......,...)L..)#.$
O..q
j..A.t.....d_E.!.QhI.._.{.@.6..|
=......KH.K.....y.@...S..22..|	d~..9._.~..Q.l...H.!.}.r.{<..B@..).F..x...nX....|
.Ik>~\..{.RV..^U...4&:.2q.p.H......t.1d..OWp.(A....~.z3.....!.....n-..
X"[z...g
...ra.
). +.'mS.,.d..u....lB2.p.-w....p..<.w..K8Z@....}~.5.u.....N...f.W9......!!oi.P.....8.....
.c.E.~.v...&..I..O..@.g..........8=........Q.j.6
.eS..|1=}... :Fs
v.....|.....	...
.a.V..[...l...@.
*..0_.$2M.,m.%.v...&.."...I/....
sg.S._.sS.l.v.......:=.8.@..l(......R@...lQA.q.,.I..z6@?i	.yk.k.....aP=.......ed.+.h...mf.	c...
.........&...G...........w.....,.^:.M...{9.Y.y....mW..G..<X.e.......GO....Q...9!
.e.. ....B5*.#......FC..)}...oM.,....S4s.7.__..G.p.`..C.Xz0.F..Z.,*r.nI....[..). 1
!...Q7.T}oW......5.a...Ev^.a....
...F....G[..A&.*
.X..Az..`%.I..M....|.c.3.jZs.....!p.6o..~.1A.7..,...R:..e... ....<.............]9
..A.....!...8k...-R.......I(L...}.$......\.'.:....L...W+....]..2hY
@.:.........
6..}.*...E.6.+...#].>".Gzr-....@.4k.E...te..U..^.....lK...99l.b
=......KH.K.....#. ......%..(..V....3...E.G.|.m..}.|.R.z.f......
.a..I...o6....h..... Z.^0...jSf......Z.J....X.&.<.....Q...h.[Y..7:.}.....G.-.....J/....._..I.B.
.".|F......c.)Y.
..N
..&	.`...^Q.l.*..A[le...(..}M....Dg>d4.6/.....;)...Z....z..{O%vQ.0../.....6
8-.........QY...
.c..)...e..:.=.jt8........
...o
.....7.N.....c$_..r..>#..N.G.+..f......+.>..G\.m,.$...6v6g...,e..0*'.d.v...o*.W.H.'...(......	.4
.u...U}e...w......[.K.\y.j.O%...m."...kt}7
..[D,.V.6.9V.D.........l.2..:..?.fi..\.k.c..?...'....
.x.^..| r.E.eD[.2WD..unkb.....7.9...(........N.,3..S+....`.39.^F......b.......O]
>J ......Nu.;....&.Y.m"........r,.....+Y0aBL.....S....>.......[.#.tH.@...(..S/g'
...F....G[..A&.*
.X..Az..`%.I..M....|.c.3.jZs.....!p.6o..~.1A.7..,..mg..i7..!..+.B
=......KH.K.....#. ......%..(..V.Z...#!..s..t...q...6%B.,..z}T.%,..W........1...
.a.\..M.O......,.......u...._%.L,#.......M..Gb.L]O|......v.L..O.....#...e...G...^6..]...?..D.	.
._~..&..=.3.8F.......&......F..i4..!..Xt3-..i...p....|.............Xx......DCQ..`...Gr..;2..&#
.*...o.H.....M.p
.j`...n..$..k_.l.v..:.Ak
$S...F3.6....8..hO.>...	yF..s.3..E.....c.t.q.....%...|E
..a.@.lt>..Z..$..;./f2.o...S&...z4o.K.y..N. .k".2.......`...R....XJ......\.n.r
s.........8...i#.>W..*M.G.PXc.0|.RO.Q...%7dc"..Mj..vSDY2...T.	,M....{_. .....tW,~.0.....HV..]~..
$Hyl.G.Cu...c...,.L1..f....b{..`.....5b6.}....-..:..$..@..3{..	7K.c......B.C.....
]...n6...z....|1..NT...i8.!..L..
.j...<.>..S.w......T.P,.<...e...M*N.N...._.).Y.......Md..|gs.M.(....=C.....t.^
....3.#..
...$....V.-............(...It..H.b@M]U....gL...W~.>../
.~ew6.............B.	|.G..(.I...=W..
.fV...?$.h..{{$.f6.b...z.k.<Pl.C....9.9..c
x...1&.
e.BwY"v...e....RES.....B..y	a...........K. +..(`#Wl.....
X..n.Y)4`3..W.."..y...	....E.....Y._.......'9.xb......$.vR.....
<...~~...#KBs.b
.Pe....P.H.Yyf..q..xKE..~.?.izYt*.5......S...}.

.Q.5'.v.=.gYMNq...K..F...5N9B.y..9.N...e.@.Y....,..{9.L".(e..DH...[.4..u.....Cp(
.Pe....P.H.Yyf..q..xKE..~.?.izYt...`.p.!...*`{.|...I....&.Zc.[t.
..D6.i_...5...K..O.	.....5...[....;...v.[.e=........!.x......,..Z..u.`..M..{ov5....+ST..x..Li.
.pY........v....a.}Y..M5..m...H
.W.y.....Z+.g...,......PF(.*....d..Vd......+. @,q.15`M&1.f..{. .Q7w..Cl..r.b...(....%+.....`...
..O..f1......x._.._..._..E].0..8Z../.E..........Z.......qF.F.\9.k.0it...&Q.E.x^
J..Z.y~....I'...
RyB..I1....MV...K.	a."9B.....B....p.F.A..o8+....Vrh.....>.ja.R.,.G.E~....5.pa....a.........M!.4.
HD......2...D..3?.z.[.By}.....71..)...m./..A..%<
P4..z%...6....&.k.0I....o...4...'..}.fN....q.U.......V...	.Oxk...A..l|s...6.............) .....
..q.a.v....S.64..<.J7...92....]G.W...$...*
@j.xR!.]S1.f8.N\.iF
.............0.
	..y|:..[..J.....c......1...m...1...m....DL......&....np4'...@2.
@.<|I.u..^....Q.,#t4.>.Q....2..?:T..@.q...U.......C.h:........?.e
(..r...]@8_;A...%.oB....H.....o.\..?..".8....(._.b......A..o?...,1.D......E.[...................P
/.l..(.....O...c.4=....L....9..._.:~6...R....]$.o......].y...@..,".5_.. .R&.L.B7X.....t..../..x:.
rs....~W.......t,2R.A..#9tw.j.....U.....X.9...H;..yT0V.g..>~.^......I...w... >..
'..W.}{.L2.6..6..........?s.+...$..*J.pE..4.........)/....7.|	%,.......E.i.`.Fx...W..k.j.-^hS..#
mB.W..."....T...
.5..eWzS
...G......<w.....+.B,..
.:A.@...,. a.+......
]..@e|..h..
..E..\..5.)..3.a.K....8%.R].F....UR.....q.....&c,8Mv....L...~.5..m....P:#U@.s..V.P..W_...>.z~T..
..F....C.	T.....
.Pe....P.H.Yyf..q..xKE..~.?.izYt.#...mk..Dl....},..W........1...
Q...S.8J.X..kM,.......u...._%.L,`.|.K..^.....&.Ac.hr.g.kka.-...
),..o.%	>..K..A.5..L.2....1.t^..O`t....j.	....g.RT..$4...'#.i..M.}..;..].<(MAt
.&.1,.H.r.a5v..2.^V...F J.......
...8..J..,
LyP..!......sJbW8..#.z....D...Fw...i.	.ln(.Ld
...p.2.
NU.._}O`..F	{.	|.(..AiA.....s.l..C..y:..0..at'c..C..*3..jO.R..;.
#...z_L.$...ALy'
H'.i.U%.l}.D.fCj,..W........1...
.F.
.t......	...,.......u...._%.L,.86....e...+.H...v...V....,d0].kd....j......&^.>..5Tym..r..[..
Z.7Kh{.~..s.f..p.u+S,..J6.f/.5.|/.m.O.F.=._3<......^.|.Z..4.S..p.z*Nh.Te.=.....Y.W=..:...Y~..v.m...5.ce.....#....k..q./..%...%I...Z....P..Z.....c.......c.......c.......b.......c.......d.........Z........~g3..b........................s.f..T...Z............................
..Y..m..."E...
..H.@l...(.#.G.[.1."=b..1%...?c.
.#..&H.J......%.,..E.......>h....p.`<<5.d.a...."..5......T.......
..W.....8.6..........jF.......%.<...z...*FR..`_.
..n......].F.........%.....#[..~a.c~.\........\A.......d..w..l~3....BP..I..q...p.6....v..z..?.nJ.t\.......	...RC...R...^...=.....Z....P..Z....
8F\v.I0.<...WG.}B..JQx5......'a:.S(.........	..o...BX....O...z.E..@v...*.	*d.j..k6Q$X.i.~.'.L.YRdY...R..Z...m..	.....M.....zo.,@."B.....6&.._.M.Bk..j..)......&..T.d;?j.N:3...	.<....-.....A...s...jB-........b.b[.L.xH.+. `..x.p.^.......p...@o..Rx....K...~....Z....P..Z.....c.......c.......c.......b.......c.......d.........Z.........6?3.b.......................6&.._.....Z............................,FD~z.P.w.....;..:.'a...>y....J5.
.L........f.mG...(.W......|.......!.0.i.A)C....X
..P..{.)l............X>..C.+......"..']...M...
.6Y.R..<...y?...Hr.T.j).Ruh-...n
1.9...>..i_>B.T.j...d+=.s._s.....;h..7.....-....G...G...~...X....*-os^k8T.	.!
..q.........Z.S..w...........A2..@n>f..{.!}..:..-c6......hz.=.....p...A=.'.f..,..W........1...
......MY....W...,.......u...._%.L,..Q6K.Z.v@.w4..[]......~...	....uRn.u.0..M..z..>...............
.L.`G......A....
.....b.a.U..E.B.....^K./.t$.65.'}P....;{...........h5_...g.X..
Xk..%...w.Odl.f
..6YM4.T...k.J.P6...N.....	..F.......]Y..w	j/o.A#F.Q.Yo....L,<....n.....(....{5.
.g.%..;I..Sk.|v.O...F.]0..."8.9.-...C^7.<W.^..&U
Oh...[.	....y.&.8..bo$a\].c2..os.V."?V..r.T....
g..	`.`+..
....$n...E.^......|Cc.N3'..YS...	...,.x.g.5..Gl...j....C........4..h.'.<.R.&....$...<,...7.W]..FO~.|[.
i..h.A..a.7......%.|..L..K.._.|
......R..-p..^0..u.....iQ..iTf.....w..,.u...f....F.`Ey........;'...X...aM.>...kU
..2......~.....`.s.]..d..B...@.?
...#......"L.Q.]...$Y...`&..x:....gg.h.....&SX..8V...%.
7u. .uWi..}.C...#....t
=~..b.....d..D..
.a..I...o6....h..... Z.^0...jSf......Z.J....X.&zP./f..w<
C+b.e.....i>..gV...
...g..Q..p..M.E...Jf.2.,..Dq.}.J..
G.*.ir.\..gx..E...`...._..h.....3......D...V..4H.Htj..YL.Kp..nU/..e.~....w..#.-
.g.%..;I..Sk.|v.O...F.]0..."8.9.......yH...i.\>.
.m.F.\.....N.b....V9......^....?..u..........Uk.,....(n...P..]E.=...$Y....5.`r..E.5...}k^.._[+~;,..x.Q)..2.P.S...
@0.k..*....S.tE..../.*'J..t.4
I.
B.,;..q.{.)...U......K..h..s.]@.u..hUsr{.c......,.q.#.Y.
..2T...y..M.].6.Oe|\.F.{
......R..-p..^0..u.....iQ..iTf.....w..,.u...f....F.`Ey........;'...X...aM.>...kU
.. ..)....15./D.cB......bDjM.....w?`LK.2!....Y....<...T...aI.opGC..H.E.....&.L..
..e.m..M.[.....x
.}..[M.....
...FS!C.'rm..U....L.<......9.....4.{.ei	B.......oFU.K...[.ER..d..b..
/2.....l....f.z..8...gZ..~.yR..G
,K.$_m.......^.....8.0..%Z.G..(
._v.6......%...y.....XQ...2.5..@T..pj.sI.d.......~..k.1.......'n...c5.x.-48X.'..
.3....=.v.V...i.,..W........1...
.P...5.{.S[.{.,.......u...._%.L,...:..shoL.i...Qu.jR.s\3.....*...s&...t..\o)%.'.
..)........i....
e....`...R...P:xa.....Ny.%..'.s2}2............kM.A'.cu...T..u
1........^z	.c.2.hy..-/`:.0.@V	....\..8..6.;b^MV
.a..I...o6....h..... Z.^0...jSf......Z.J....X.&..^...F<.............L..5..VE[R.Z...]..f....e....x.......'..\.v...'Af4.....:O+....Z....P..Z....................................
..11...>..9QMm.Id,..-"%.e....7.}....h.e.....9zN
6YFp.x...08...
...1....K.6'..T..G	Q........`...+
...F....G[..A&.*
b..1..e......_..^hi..-.;.2..%Ef..U.B.....F.5.<..
..r..M.m..z$]O..
.O..2.:.TA.~.'.cA....n.w....z:~..+...Y...|j.%..},.OO.$... .%9..=&L.X..{D.IT.../......r.....V%D.};..V{.........lU....."h.Q.?.<..
g.~ .....PF........\.V..A.h...$....L...@l..t..M.....X...Y.uxif.8.....w.B`.,.y..,a.IV...K~..C..x..... Dq..X_.m..:..z...."......m,sz......;.C..}(.S......0....ynf........6.x.N.=iG~F^.n.....|..t..)?.."?U]O.q....,..y....._(.iDe..>..U.<.H..._W...,..m....R"....h...v@C...B..=o..*AR....A.M..I..%9v.w..........l.M..w.\72B....m...7.Fs..
.......R<...-....V...p.4%....=...#..U.$.....Z....P..Z....,...5'..g...2.qa
...J..X...].........e.]_..ZZ.
.@.o.jO.@.4.?C1U...	......
.n4:#.+1..{...\.....'... .Q...j....}./.O;".
}.
.c@.K%5...Z....P..Z....................................p..................Z..........2............................2.qa....Z................................6w......................3..................|..............~..............,.................~...............!..............Y.............I!\u............|..........n@.?........Z.................{....?........Z....0..Z.......Z.......@.%..,t.F...J%.-Q.|Y'.,.r?.....Ut... {..........w.d=B5..?..K..A.....K...6.t...*'!I;.(.7.....#9A.h.`{}.s...}.u..1*.....BK....*I.zL....G.....w............Z....P..Z....................,yn,w...T..I.U......8_.3..5y...v.....+u&...D.VUr:.....k.....-.......6..z,}|ad!....z..M.#V.......,d...NB..2..A?0.)z........{.3.B#(.vO@G.VOk".\.DL}
.I.c..U..`ez:...,..W........1...
X...&.W...(..6yd,.......u...._%.L,BC^.....X. $.#{.f.*...~.#.7.W."l...&iu..+:TF?.,..mg..i7..!..+.B
....x4....Jn.#=T..@'zf[4x7..M.'...@H....2...;.._..2.,..Ch.t.M=.
.m..'?v......L.C.....p... ..r\I..n.....a..1 .?,..W........1...
..~........$._~.,.......u...._%.L,....b......?.... !..$...U.....y`.gB+)......=	.yR...5.E8<0z.b...<....7..Yr...v..
8	.\:.>......b..
..0.....R....8..../3s.}U.u.....Q.[...)Z_../vP.
.......ym..[..............	>.>`.
..M1..7.EK~v..2..K%7....n".....\..Rl.% ....d_U.#.1......9.&R..
.
h..R\-.+.c...>.Z...k....L.K!..,v,H.......q..%...R,D.....<..5..9].~.../..BeP.l.oX/...0.c+.-.P.=.j...V>.+V`zE.+Na..
.....'......Or.>...G.q...=...(..(r...&.rD...f......'3.........b.s..	w..Mg..Mq--.
..I..8M}.4f..A.N.O/..+.._....;]N..6y.b...lE.Q0......8V.B.7W.dz.Rx.......%M?....^
it.T6.\.m...s....H......x.4.xYi....>..:..4g-X...
....b/._.K......|..fw:...%.fP..
B.$0...._.I=..{3.+.M.w......}.4.~.....F..ML..0.1.c|Z8.o........3.5.6.VY..oTL...tRu.y....."K.qE,w
...\^?_^...Q..e...e...m*.b.{T.T.D.....N.W........>..)....8. . ..hl..#d....t%....grB.J.T.1|6.r.k.u.S......._..M..
...Fd...R...;...\ES......-.A...,....RQ.P.......^.8y......S..z...`......q.D.u....3..].E3a...._'.W...'>fxF..`...
:..&.J.....dOf.....{.{.........S...}...=.N.......I)	vFn$?6U;1p,.]I..........uT....n.z.-.L..hk...Dv....FR#.O.VNz.4......\_....<..[...]....Z...vo....M....(fwlf.C.n.........7.(.....w.x#.=....\u....Z....P..Z....
....G......R...W>.d"...O.x..........d....&.}...f......Hk.eAQ...,..W........1...
..2....F-8|+....,.......u...._%.L,^..*.w....!^....{R.j.$T.B..G.|fo
...Ln.H..U:.P...../Hh.*..U.I10.9..F.^P.........~...!l.}S{.
.}rr...J.$..CX..;C#.)....+O.....mm}^t
..Z....gI.LK...m-.'o#..3.2...X....my.... ..M.......|zk....E.2t.k...?....y.8].T
.)2E..bA.. ....o,.OGq.nT.EF....."dT.....a....J...9B...Y..T.....,V...{...9Q.@ce.t...CAp.!..@.C..
.*S..%..2..'..i.!..<..g.c.yh.{.
.~).J...0!...-9.}...b*.........|..7........]....
.}..b!.:.]6...xZ...'...)3+1..Q.!...u......QA5..
..]...\A...pV0w...UV....)......93....../vF.[R.X$,..u......&.i....z.-..bg.5DF..L:.....F.....Z.._..,...a;y....Ds-..
.&..}.kp..Gxi3(m	.d.;t...D..J	Z.,....12.Q..........n.-..j...|.d.................
...F....G[..A&.*
.	..8.-.....%5Pj$...y..@...8NGy.
$	...[5..!...'..
....9..ODo....O........
c.TM....r.......1~.hOl6.....Y._v...=...8.?.p<m3."6/.oYQ
..=D........}-Y...#$.b&.....^+4.....\.....B...,..^c.3n,...GZTQ..K.`..,d..M.yb.]..&..[.H.M..h.Z..
......R.+2.....	........._..g.I.
cP..G)O.hm.PY.:Uf..[p+vWR.O.:..b.1.......K."....,..=5............j..._.Q'.d.1a	z
.Y...&0z.2..rX..
U..0.>..P...... [.*.3.,...9[P..`v)"..3.%.....z
...F....G[..A&.*
..U..X..`..t..'.q...4cj-.5.;?W .
.a..I...o6....h..... Z.^0...jSf......Z.J....X.&".F.....K^.. ....~...q..j.l..7l.....=	.L.A..v.gY6...t..p..a$na
5..N.....`
o......}Z.~.m..-qr@kW.m..k.r^<......Q(}....8.1....J.[
,'..=...Y.}V...u-]..(<KS.......
.R........S}.y.......s,..._}o9.Z&.........h.5..gYd.kL..q..}....
.....d...d.+.d...pPK.4.x..N/......6...........p.,..u......&.i.........-....tg..e.
...F....G[..A&.*
..U..X..`..t..'.q...4cj-.5.;?W .
.'I..Q..g....."
.......-..Zxd..3...!Y...w.....6w.l..,!).(.f.....bJ..I|.kJ.....
X.+uK.%...8.f..a?.T...@...;s...'....?A..d..@......m.....s...,...O.7...$...`..
..T..I......P..H;.T#;.C.a?..0..Z0.?..pod.K.	9H.b
..^....kN.....,..y/.:.e_g6.%H......[..........
..p.0..>.g..#T...J.;#...]	...).^..-.f..5C.U..C..,..W........1...
.>a.A....0h.;V..,.......u...._%.L,..0...J.%sl..AN....c..1...........T...n..<$....%
..4...Y..v...P09l}...4.t.......:..2._..z.I. .~...7.\.^3b6g.*'c...kbN.5q?.%..L.
!"5u..5...
%.V..qm6..5...f....2.........'...P.2.+.d.s11-..B..5
$..h.6o.k%.,yq.$.2+U.).(.X'..89..#..	>.rn......d...`...<X./..k$$<|.h.....<..XZ.m......`c..Ue.H....._%~[.Q.....
.....^,lW.&..#..lO0j)..X....A.......t{....6^..G
X.X..7JZ.\...n=.h.S.\A...o.....,T....M...R....=.....(.....%..e.I...'4[.=o.zt...<..T+H....P`....R....<...=...}.
...*.....f......
M2&7..eK...(..g.L.....s..q3U...u(.......>.,.......;'.y.t.L,.::....N..;..Fv...-4
	C..3]/,.B=...?z....-Q...8..L9+{..+..+.K..;Z>.
...x...t'.c.......(.!..S]....XE./eD...k;.*.S)..B.p.%...L....|.t.d...-.&.\...(.m....2.j5G...{..
..."]...*V..P.."=J.p.D....~....2..l.6......2..Z(c....E.....gn..x..1.......5@...e
..q.Pe..rO.z8.~qo>.#.6.Ui.r.+..-..>.j..6.3B.!%&	g....$W..0.Q4....aE..|.....e.36
.@&....^..7...H$....V..-CJ.PU>..<@.f..<....$. 43............	..
...j?..1..L.B..m....}...#.\.k..U.Z....7._..Q8qV..{.R.".{..7.....\........mQ.Z`.
d1.+|.4-.A.W...J.U..8H......j	..,..W........1...
.-k4.P......W0O.,....Ni...aE...z@,.p/.~..F.K.v*..zux...LN..1..b...
.M..p.bN.2.k..0`
.....ZW.}.wJ~..
	X..1VG....qJ.I.
..P-..wm.....W.
P..d..].....K}O.(<t..........O5.....h..Z.n...B..
./..AK.....1..~'
g_.u<l.xo....t..
....@...g......A
..,...-$a.."..N 
.......[.e.).r..
.e8U...t..F....^.zb.b/........--
.c>\x.E....i.w..
g_.u<l.xo....t..
b....e..Lf
.Q.u.
..M9	`.	.6.
...'
.....c....!h.U.
..._.K...4.J....
7.##..._f.s.@E..
g_.u<l.xo....t..
q...z........WG
UT...E.	E....}	.

h8......%....r.
...8^c"..j..LUGF5@k.($D.E.l..T@s=..OF.o.4&S..:C.
/?..0....V/Lc.....@.....:./...V~
g_.u<l.xo....t..
.@.....+......K.
..M9	`.	.6.
...'
'.)...	.
...T.f.
...wMt.u......`..<"C9S.......M-._.....y<q..&.P
..~.,...Y..p....
g_.u<l.xo....t..
s.7anP..+#]....
UT...E.	E....}	.
...S....i.#..cf.
.".Z....AR..7..c...E| .9..y.O..
g_.u<l.xo....t..
q.1h...;;50d.m..
..,...-$a.."..N 
A.Y...km.S.....z
.v.<M..h.9=.|D.Qv...........[..G
g_.u<l.xo....t..
A@ly.dK.....h.
..,...-$a.."..N 
.l.=?J?.:.w!...
.....W......3.2.R.X...Cwr. ..S,
g_.u<l.xo....t..
...p....O.n..(."
.Z..p~..p......b
_..1vB.J........
.+...gc.f..2<%..'...5.....P..LC.)N8a.P.j...5V]
.......&'1-.nS..S.rC..|"..W.5
..@./...W....n....dG&..g..K.6sk...
..mxWwY...Rw..^
g_.u<l.xo....t..
.4.i._c.JK..HX.~
..,...-$a.."..N 
.F5.e.9..X...A.y
.Zm.f..S.EA.6...X..5d...".b...UYBr..&....<.{X.Y
..W-4I.....c./..
g_.u<l.xo....t..
...'......C..".9
..M9	`.	.6.
...'
.^....../.w{3{..
5...."H.t..;.9..%....][....H..._......N.....;Tw.
g_.u<l.xo....t..
.V.T^..0[.r(....
UT...E.	E....}	.
..t.;t....B.....
.f.m.....X...3.0...b..n7.^....I.
g_.u<l.xo....t..
6s{....J.....@.,
..M9	`.	.6.
...'
.u.....[i.M.2$.5
....qUb.....d[..t.e..v.`w.\:...r..sb...H*x.U.HN.
.1]K.	."Pl......-,.4	.[<.+,.....
g_.u<l.xo....t..
8.....hE..).].}.
..,...-$a.."..N 
.v...C....Q.Ed.r
z..1.C...C....h..J<~.....g..........2.."...z.h.\
..3.F.;......\Xm
g_.u<l.xo....t..
.).....{...GI.].
UT...E.	E....}	.
?.s.g..	u.9	zY.{
......x..JH..H._..\j6.....B..ba0=.7./m.....\....
g_.u<l.xo....t..
8.....hE..).].}.
..,...-$a.."..N 
._n....${.S.(..*
(...2...>......v.X.....j..U...I.
.L%'.aox.C5.....
g_.u<l.xo....t..
.8w.
.q.ld..<0..
UT...E.	E....}	.
.-!...t.=.l....
..W.....x................a..+.H
$..
..H.^..A.LD.
g_.u<l.xo....t..
.,.....<L..=.	.
..,...-$a.."..N 
'&L.'........3.
A......f0.....)%o...-WjkqZW.`......B.I.Vo.|]7...
.........&......
g_.u<l.xo....t..
...Y^...a.I...Co
..,...-$a.."..N 
.e..G.Ar....r...
E;.b. ._........1...f.0..=mI9;]c..R...S.....3[r.
...5D...W.*\........~(..E.d...L
g_.u<l.xo....t..
q...z........WG
UT...E.	E....}	.
}h6....Q....Yu..
.;<...7eE.........b......;......aw..X|..Uk...
g_.u<l.xo....t..
.,.....<L..=.	.
..,...-$a.."..N 
X&..Q..og{Y.b...
.T ......U..*|........&k.......
g_.u<l.xo....t..
Q.2..$p)..p..mv.
UT...E.	E....}	.
......S..&..mT.
|...)........>....D`.0..x.....]<C..@....w...j..
.|w.......|.%...
g_.u<l.xo....t..
\w.h+F> ]v.I....
..M9	`.	.6.
...'
6.gBi?.m&nY..p.4
..x....C....\Q...............V...6.....i?..in.~
g_.u<l.xo....t..
....@...g......A
..,...-$a.."..N 
I.0.X/.`..	.....
\	y&.?-..{.....\1v.E.X$".&....?
g_.u<l.xo....t..
.^..$...n....7..
..M9	`.	.6.
...'
Y.......DAX.!x.3
..BX.\a`ehV+.6?.....+..i.,..x.y
g_.u<l.xo....t..
 b.[..|.9..v[...
..,...-$a.."..N 
.e8U...t..F....^0_.,....5...`...
8`*...)..N.....)...o.o..k...R.I.
5...."H.t..;.9...;..8.3|.....r.K
).;hB..g^.Q.....
...wMt.u.......X.x(.k..5Y.o]~,
..~.,...Y..p....
....qUb.....d[...,.m..7....JP[..
./.~...K..k.....
.L-.p.o...R~Kh..p&.%.~V.s../.5...L..{..6....._...".cc|......Vf,.../..$.+.....k....m6L.W.f.....	...t....^.X*Ad.G
...o........"....b.^3y.WY. .	./.}1..p3.Ik...g..
....U.u.....!.fM
!..I.N...h....(.
...T|Rt;c...T....Z$.......[.....
..AEM....i..Q...I.....f	(..iM..*<..........uLt:....Y..I..@x...O!.R.....~)..n....N.\g.AKe....a..
.:..Qx.B...t....
.v..5..i...H..E
z:.I....6N.@j..:
.~H..C&.q.....8.
..t/.E.. ...y!
h40.....1z..	..	
.H".(....N...dZ.
.Fz?.........,7
..8.....S..W..m.
....yF.'....c..
L i..a..g\B!j.r.
..p&....:...rYp.
w.}=V.C...9.T...
.d...7..n.B.J{..
.......9...E....
8..R.l.5mS..:.a.
.61..8D..c6b.&.a
...L.jv+.......
...9.3.Y6-..`.h.
..MD0..$..rxu.p 
.$.g}CAS....I6M.
#U........w..,..J..O^......2..H
.......H....@.=.
.H.yV..h.....OY(
...kgR..~p..-1q}.%d...7.2.*..~..T..:..6.<,H.....{...,r1K.@.8...[...27..... V.I.H
.........h......
.......n._Zq./..
.<P.T.[....e.?I.l.D.........BC.d,..P".....YB1....
..3.[..@. ~.Y..o
.2.
.K..J.'..eL>
....ia........zVs[|.QDE}L...`..E
..C.a1.<.w...........\..B...u..?
..L......H..*......k.h..=dy.....W.).y.G.....<...
Yk...d.....Z`hO,
9[:.9.J..P.8..{..r.?.....E..L...
Q..t|..U.W._.r\(
.._{>J._..E.3@.
Z.0Z.s.g............5Z5.<..m.H..
..D?y..=c	C....(
..JJk.......y.....z.f........G$.
..x.Qj.........lr..r.?.s}..E....
>!.4i.`X...n....
9..[(.ZG....5D#
;r6W.+.)[(.
.^%bn....'.T...j...R..:.X.nc.E?.J.........A....t.S.[.~.q........N.<.
^.S........g.=.P...~.n..%....e..................Z%. ...6tD!oW.W.`...=....`....q.
.C#G./];.W.7m...G..a.....?.-.z..R.J..v.T...5.J.......0...c<i.	1>QP,.X..!..;...,.......h..1.....
.e.y.E.G...vE;....~V.7.cd.w..Q&..f........)|..,.....#......!...jG/g=...5....B.
3..N.......l.J%~...B............*.d..A..5....S...............S..%.gaI....&...3.
.Q.<......\..y..G..*	...8........?3d.....u..,......6....{a._..'k.U........Q.>.j
...p.V..;...q....O.7H^..Q..e.Xo.85lg..$.`x\..oM.......N...3...8..r.)<L=..4..........#.K.9=..!.f)
...u7@.t;%.0...zz.....a,I......I.. ".b.i..y,..$M
..ca. H.Fj0r.5.%
....
.....K.R...;.#.,.LXE...........b...U.....IL/...]...p.{c....s..@<......GB..
..../..U..E..O.ZA..E.7...8....$a
..;-M.A.<..........nL.....0.A
...3....o../.....:zL4P.....Z..4../...s.o*1.j.>.t
.T..}.a.GN4..N..
.^.@T...4......i
.N..m..n6....E#..MY...g..$A!.Dv.e::..4C.....T..&,..}F............&..
..........<p
..	.D..*.uV,....,.l`..o..41.....s.......7.E7.,:....4R.
...W..Z...l....
.....){..
K	.........X..T.....q.u6Fp.R....w....a.,.......+_.5>.W.T.$..!.......3..r.R=.[.y:,o.n:.../....u...
4....*'.#QK.n.5.,.......u...._%.L,BC^.....X. $.#{.......y.......Tmh..q.z......&.,..mg..i7..!..+.B
n<:*v#.p..u.L...bR.*.kXN...W......|...b....r....
.c...k.s.{.<]......-.B-..R.M0
...........X[./o.T...A..m.....:.
..I..$.>...u.v.".....lj.Y.1L.....MG...$.M....p
.."...:...%.X.{
...zX7Z.,.z:.d(.
.........Y.C..*......Ez.(5.....	.9.0{4.3C.4H]..q,..W........1...
...d.....z......,.......u...._%.L,.|....... .da.F1	q....Q...06.0
.o5{..\....&,....Fm.>........?...X..g..Mj...E...'...[X.......l.
H'.i.U%.l}.D.fCj,..W........1...
. .".Xsw..@....a,.......u...._%.L,gh...u].'.UU1.(.^.I...i...;.%...
.a..I...o6....h..... Z.^0...jSf......Z.J....X.&.m...$	4.i..eKl/q(.^=.....O...Gs.&..
Ei=.Z.^S....f1|h....d..R...
..v...KD.....Y..l...5.x...'5.<J31..3pH..e.QO`...2`l.v1g.BN......u..t\W.{1/.r...
.|My...-.5g".D>Y.....V..I..7..'.E..Wm.:m.\.......[..Up6odg...8vdfYa...f..s...]
.
+|..j.\..K..Z..1S=.....E........=R9.].l;.\.....
...F....G[..A&.*
@....0.....D..Pf..o.J...K*.#....
-i..8...0.:u....K...b...R..?..C.q.....w.;..H:..
`.O.uq>.xI......:)........qX7..,..W........1...
.*....,...t..c<,.......u...._%.L,.l.[d.B..Ot.g...G`.!.a.!M..i^.jh.U.1.f>_Y.....).
.a..I...o6....h..... Z.^0...jSf......Z.J....X.&..Z..y{g......?.Nak....	.;H\...AS....]0@e......Q4..e*..\.Z.....
w.,\:pU...R."...\...a...^..M.A..W..T..c@X.6..J0`z.j........o..y......]JRr.....A
..wwW..?....QXL.{..jx".#d.....O>......dM.B>..D.d
s...nJ..]Pw(_....A..2A.....(...)}..I......I..t.
).D.9v.../$..bn..o!>...	..s..H.(,..K&.X...Y..	....sWY[.-w:S..|z
..;5@	..T$..A.]4\~.....6...S..Y......].U..Z.x<.
.S.gD..&...../Q..Ci.......\s.UF..a....i2.P.X....
z.@.h.jH./.e.n..<...T..p.Fu..	......Y._.........`!.+...h....i......".e...1C.qi..y.V66...v...<X
..|._.......j....._.......X....s..h.F....r
..N'.
..
.,.D.....m...7EQL....f......R
...$^2Tb5..
...,..*L.......X.....g...e..H.YiC..
.)}.5..N.c..h....n..r.V._*5n7x,
...$^2Tb5..
...,~<H=.7$Ej.X.<X|.....4.Nw_...$..
..x..x!.$.Nm.j..
S6cY&...!/.NR..7,dxkW....I.b].H.2.z.O.m:.0.)..j.j,.
C.C0.2....|..
.a.....3....,s.2,z..-..*..A..W...
..U.C.C..Vc6......BM..\..@\,..DX.s....!^..a....\,..W........1...
...e+....2M.3r..,....Ni...aE...z@,...bsQ3K.......!,AJ.U..........#..^....9........v,...F..h.['.-..W..o.;.:....x,...9...(CkU..=..s...
\.l o.?./..[FP....B	{...@xe....
y..u.I.....H..j,.....0.,.&....b
tU...w.v<....J.a,...5......L.....,#	&7'..N...@AYA.
t....iX8w..B....,..0...,.N..4;.R-
...wZe...a....2(.p>.....7.S...5...+u...5.
...r.b....}.I.9...%.;,.`.iV. p..u...A
...6.)..........e.#.
?-|d0f.0.&
.....v.E.l...z..,.2........o.GV..,__~...H.h...k^.d.......Z.`.V....
...9..Y........S.'..)....f;../...e|/.[.4t	l.y..h-...n...bb. ..	.
....<...H.\....*..._.+...z....imvI$...Le...Y^..
.a...$...@.RT.S......|fpX.63..>J
....~..c; ..)...,o.n:.../....u...
...`..zB.#..x..	,....Ni...aE...z@,...Y..GD.L..........!/H.|...C...
Up...Fn...+..c.....V..C@...l..p.......*....T.K.b
..r.....(.........kz...iR..R...,
..i...-...nFR..M+J...e.b....W...
....=.|.....=..C;.....<...j	...
..$.L=.)..	..Z...G......
..S.R.,.8...H1....`.R.x
..#....Y.......Ks...@.r..+.....
....~..c; ..)...,o.n:.../....u...
.,.I.ux.."....w.,.......u...._%.L,....u.$G.`B*
xa#.)...T'.LpNLO".j.Qv--.-..0....
....X..{M...=.uM
....X..{M...=.uM
.<"U}.....:1G..,
.W.OkXi..THI.%...n...gQ..].^%5..J...7...b?.k.n..1.G{."5L.N<.qs:..*..9:....Wz...
...g..Q..HS|.f...&!.P`.$._mO.	i.&.}.l.V.K............ua.Ra\?..1:.u.T......b...
....=.t'...]D..f.^(p&.p..GV].8..
Q..7^Y.~t/_*6...
.........YW...@.,Hq.Bep..
../f.P*
.a.....3....,s.2,~..._.0{.@.x.N..
g.?...4n3..
:.>#.3|.D....A.....+
..P...W.....j..[..(........O....
.......w@o..v..
...j.r.bf....k..iU....|.5......
.......w@o..v..
...j.r.bf....k.........p..%..Pi.,..W........1...
..n..xe.....Z.,.......u...._%.L,BC^.....X. $.#{.f.*...~.#.7.W.5Px....UkS.?].].,..mg..i7..!..+.B
....x4....Jn.#=T....{C$R...p......c.7..LS.'.7.	Q.E...N}...-...9.
.m..'?v......L.C.....p... ..r\I..n.....a..1 .?,..W........1...
2.5..l.1.fG....,.......u...._%.L,..O.]o.....#ODe:J8b...#j.....W..9".=...G.Cc.L5..,..mg..i7..!..+.B
.yH..=.e.....o.s...0"Af..0.G/..i........L.p.*...90@.9....M..n..I,..\u....^Z.V.yV#.~...$T..."K.@.e
.MQ..>b.2........!...$...%..."h3u{...._....u..-.[.qkk*/..9.
0...
....."@.D,....o.
+mhn.E.....V. 	W
g$Vc...).&.e3..+.v(u!....;.6..H[
6YFp.x...08...
.....3.u......M.
.W-..q....^..PUl
+....w.F...a\M..h.&e.-.Kg..0	YR..3....=D......>-,a|l!P+I....)..p..,..KQ.t.T...._Bll..v8s....E.:..,.../.~.)..^5.IR
=....G.sg.2.ANC..]e...g..r....,.^..S..F.....>.......#XN..%.jt....h.>...I....buW
`. .}.v%....!...u..]..Xe..............@*+t{\...R,..mg..i7..!..+.B
..)........i....
.%.....i.i.k...n....}.1DE....B3H.5..=.@M..Z.i._P,t..E6..BY.o..Jx.
..m^o.p..V..."...N.......q0..2N..Y.....CK....u~.
.}.;L'.t.z"n.k.....s.......%...^I...k0".......(
........\.$,._......oH`..*.ri.f.._l...%.0."..4...s...0b..T.....r...&xI...X.jT.
...En(..K$....\.tg.7h..OqD.Dk...K..]=m.!~.?3...y...:........[..
.I.....Q^....."Y.l\-8;..}/j%......;......./..O...,.|../..+.5...@
\...XC...E...|.0P.....T...2z.I.u,..W........1...
....qT..TK..m.N.,.......u...._%.L,^..*.w....!^........y8...+e.?..m.I,.M.M.Qq....eL....,..X.....oz.
.Y.9../	...OJ.C.
9n.p;-Wv...^.8..)....V..;{.wN....K..s.}......&.;.]fX..*o....J=..;w....;..{..V...?.......aI:....
.6..O....w.@.....C~...`\..i.}...
-a|n..||..y.....
`.l4!..?IyN=.;..S..).P.......8.M
.=A ...jr.Ku:...
.D.....$.../g]\
e....$.F.~..y)..
...a.|......k..
d5.....H...T....6.-..A[2ix....Z....If~]$..TK.\.
W...4....r.x/..\!Jl>..3wa .U.a...B..K.......9..,..>7W..Ja|.y..a.<.._]..$5.....Y.p.M.q.<2mZ...[$.,...).D.*.......
..7P...7g..Xd.#o..jZf..........,"0.). 2!.-.^.ry.;.	?T...q2.'+...@...]....h2ZC..!,vH...(..J.......BT]|."..........
F\.{..y.]g[6..~r;,.......V. ...r;eJa.._.h.[7.'..,..P..Y.`.....4lr;..i..0.t..6^.i..YR.......LY= ..
."..
	.......[..Oq~..F`...~.....e,..:.o.v.+...Q
(.e......C...8g,
R....u$....I.J..........84...qVd]m.....%..`.m...AD..pGO`'...Z..&.........	&m...U
.....YT..z..>.Kb...._...tBlr..i..E.L.Yw.u...Mm.n
..m^o.p..V..."...QD..-B.J4....S..J.\..<...0...o
.n..rQK.Mx...v......M.._..,.)...C..~..:.+|7..J...#.*.@Gs.d+...M....7..u...k:...H
S..h....u@.1...|
..XHQ..*.B2.....~j.T.UJ>}......|.p..,	<)..T..<o....*6_rm....{5...I....k.Z.4]e.1.2.....('.mi.j(.
.'~C_..........L
zV..7.|>.P.{\......y.I<o..%.%.y,.~........o.C..5..20Z.3....}T.oP..F.y>.....
 .Z...>......`...
c.9.MFa.T..nS...
..	G...N@I.0n.....8.Rt...hdd..a..G........Bg..M.
..7......;....i,,.v.R."N..;H.X...EB.l...}N...j.r.f!...MnUZw.4 .l.h(.6z..T.(.~.~....X..|r.....7
],.@.).,..[....hG....\j.....0HO...G.=&'..(....4.....G.S..k*FOI..y~U...pPc".....
k)C.."&%.......+.....EC....dn....X....R...n.z...../..aa.o.........e.v.....}..X"
{.....K....].....R....0.%.(O.eY.X...{L. .9.A.kC{.....p].......A.
.eS..|1=}... :Fs
...-....9K.\V
.9qm=..Z.?Y.p...,..W........1...
s@.?.DE.F|..P..k,....Ni...aE...z@,..n1........a..f.b........rF....
.......".)+.......zf>..u;z
..~.....D...j..vP.[n
\.S....|(n.q.$$..._8..Ja....U.\X.8.......-K_.h.S;.........L...q..-iSCt.:........
..?G......r.G.).0.a.^p+...
.FY2.
\.S....|(n.q.$$.=.....0@Y.O	9..x.....I.......h.0~r...5.TDz.*q.y.?...N..@.v.3..X.
-.....x.}N...C..2...k\..`kX+.
`.....y.O..]V..Y.
\.S....|(n.q.$$..yO...s.......#..0.....O?)YR.nG.h-	....v.S{.#G.8....|j=..j..^W.
.....D.&......xvmU@6...0.o7V.J..8.W.nt...=.5W.G..l..h..\...C~...d.a...	.v;(.g&w.^..c.....6...F....X`..+Q.v&....
.$q.Tr...-s<i..qmT...dV......F.b:....Hnl.c....=.>..	......!-J..2.......>........j..............D....a..&^...bZ..
.....RPB.:...:..
.puF|./JU..n...<ci....0......../|... .......P3...f...I0w..Q...s....(gd..N....o.
Xb.. ..&.p0.S$]]
^.|..lh.
..E...
...`.......8..c...F.k|..a.{.%rNv..kW...S.tV.kZ......L.W|>. d.".n.{.X(..k...)...:....0.y.TF2...j$.W.C..P....'?.."...T#.d..e........Z....P..Z....................................p...............
E	r.:7.{.H.P.z.z....9.X..c...'..q.QK.y.$..../^._.4...cR....e.....
. .>...:.............^...WjrY...&#.w...q..LK..Mr.q...i..#FB
...Z....P..Z....................................p..................Z..........E.,......v-56U..tlUK../}.B...*-.V.0..B......<.9a...
R..itG.$.X...'.....t..).y>......D...O..J....Y.......9.t.Z'k.i!0k....$!<F.xs...2...OyS.s.*.W......|...&..o_:4.V../..C....Z...E
|.Z..s.F....#
.=..0qZ...^.......m.P..?...A....).0....6..NDo..d.]IY...`J).6\pS..M(...bUT[.l...,F..B0....s........_..T9.".M]..V.{...Z....P..Z.......................................................Z.........m..............................#
.....Z...................................Z....................................+.g............{.D................7............!2.................M............S[7=...............x............=.N.
....~..c; ..)...,o.n:.../....u...
.*.N....y.T.....,....Ni...aE...z@,.t.H.HH.k.#.'\..
X..36.u${K.i...?....H.V../..9].I.B..I...G..k.9z
...."....M..NrL.23U..D......e=k.
G.6.v....u...N...#D86..=}a...../t_...(..t+....9|...ag.y..mX..D..
....g6......(V.
..I..lZz.V..0.Y.-h .%..Z.b......,..vRQ.g5@x..r...m.SA'1J.............5.#...|	....qy..4.o......,*f
......
V$...M^.l..n.}._![. J.rYw:........N.N....4.l1..... d5..},.....C..C".&C..e......&...+L..T
.l...2...f!..a.^	W....m"... .f`.,..?...J..H.."K.r...|....f..wyS.k.c.V...`.q..1...RDG..0O.~....a
.A..A...vo....%..N.#Q..t@.e3...L,O.d.]./..|!..l1.S..)........,a..K...... ..9....O5W.#..x.......}
.x....e./.M....m..eb).....,.`9.f.H_...3.;.v.@.P.<#......0D..v...:.....$.....(_.?
i%.H...'08B.b..h....K..7.p.{K_4.
.!.	.r-.`Q.W...3,G,5.....m|x$..v/..}J..?...	....@..
IY..q....0n.[..).......|..{..
}........0.<.1E..............H... {Wm`..A2.{KI......2..B.k.c;at......Om{...>...4
1.@.....km...7..J	{.Uc.Gq..,,.U..F.....r...u%..Hj..l..8...<...(&.y...Q.h..4}"SW
@[.t...zn.+*....
.D..	.|.p......
sK.nXd....!....R.....
.Q6 ..~pK...`i...).(..u.K../.q.	doaw..2;..&.......U.2..,. 
..zw<..s.w.g......
.../\.A <.P.qnu.....Md..wj.K..a...p....t	....qm..j.@.o@E..4..,zK...3S....W.T..
q.*....v...L..+?...kK0.#L..=..s...'2l;...B4.....yw..-..A...0...
.\.O....c.`....B.cU:..m...e..;.
1nG..]...../bm=.X.~D...L......C.
...^.....Jb.(..
....~..c; ..)...,o.n:.../....u...
6N....$u6B...v1,....Ni...aE...z@,.-c......B.d....{.e..i.b...K.5....,.}.p2i..5.DH.BT.....Y..N..@`
)..@....Y..'H7.8.o.|..\.1.....i...zcl.....-......X.0...>@.	x..s.A9...Q^E9.9u./...zq>..!..\..S_.,..".....;q.5...6.Im:q..'h.D".S.. &y".z..c..._..-.kr..J....
X...O....{..12.Ed$..
...=.O..J\l...{..9"!.OR".....1...y.. .l"!.....F.A..p.Q?J...Q..BJ,.z......@..'.b#.z.......g.>$F..
. ...o.t..^.........5.....r%fdx...4....]v<..k)..-..b.X....S=..W...'...3....j(..9.h...h...AgQE.v
.}[..?....!.}}.Y,xc...#..GS.!3.....j.....W.............4..*.q.".p..WL.......'G8....:.qO...Z}.?..oY.WZu..>.......N...m..Yq...b|.....U...".;.:.....Z....P..Z....................................p..................Z.........3S.........................GS.!3...
....~..c; ..)...,o.n:.../....u...
$Fq5h..<....Yk>.,.......u...._%.L,.....A.u....O^.)..G(......"5.`EM06rg.......m...
.....'vt.#8....IX......~.i....w.u....y.Y.=&...k.
Z......g|H....;.g......VC......,k........DP1.P.u
7...t<......../.,.`.....Ja.G..hh.,).(.M.t.6p2PS[)
F.!......O..x.^q,........p.U5}....!.B.rf.....s.b,.~b)DxEr...7k9......*...,..<{..,,...]t.c.Tw~......{.+...0B;7....,).6.1c...P....w
4V...#..?..a;..
..:....As..;...X,...fe.........6=,n...;!.."7.8.........0^.w.j.-.B>,.#..j........j.O....h....P.=a?,..!..'z..G.....c..&...H..EHm[.&
..e."{...^..C!.0......rO....~v..,.l ...n@;e.....K0....7fx..]^.:X
,.c....^...M4..#......$..#c<YZ.z..p..w-.o9:E....`J}\._.W...*.m...
^..$.,.vd+7...L....3..4...=...oM\.@...]6. ).F..r....-=..\.+...8.......c.R.....,I1^.4=|.....F. n.(.....!aB.
.K..
.o...y.>.:7.1z7.>....G..z....v.H..T..y$.r.4...A..n.aq3.7...8W.u..{.x...xL[.,..s..3..>.c...9.O.ZK
9.|.:.P.h.#..&........p..1......|...........H@1.z.v_..l.rOM....o<-........X.z.....&Bmy..}...D..=
V......".E D..W..l..[....!...
D8.[Z.E......s/..5.x.p....W...7...3,...9..j..A.&.../~..	R.c..l.,
....w.;6:.2hT.R....K6..:...C.5.f..d[6..I..i/..H...]A..&...r[..=...{P{....v.*qe.........jG...m.}
.`..+$h......_2:.t}n}.cQ...GJ;.&.......%..N...K...Wa.g...1..5y........]..3.....
.e.K.]....9wl
2k.d.pTHwp..Dj;....@..).T..w.G|b..#.5.........C.;../...W:!.....b..9.....R)..z.a=.H.1...|@=...V.
n.i....(..u(....=..S.1..J.B.N9...9..zU4p..YC..C.E..QL.n.UI...........Qe.VXN.........d..q...Y....7..X..*..f"z...X.X#ZD......6 A....Z....P..Z....
..G...&....Y6..+.F.4...j..W.........*..\..}..*...6...W..eK.<..F..i...~..^.m	..+%.?a.`....,.V....
.8....R.......B]....G....O),.M...Z.WVm7.x.#lr3...q...l.N.l.@...,....E.x*.'..../.....j.dc`Usx..E.>\7../.7j.Vgq.
.@...Y..{...7...
.I.[....6X]...t..C.JX...lp28M....q"....]n:..a.W.
...P..R.E..3D.ldj..s....V)..(.1*.]&..........w.....g...C...M..|0...._.$..j.&...t...TUb.\Ve...-RP
[..$'..<.ft...;.
.....'vt.#8....IX......~.i....w.u....y.Y.=&...k.
OI\.P4....5...&.uB..6..
.d=_.i.{,..<...;.S....>...q.zZ...Nd..	.F],v.[..2....8...x..z|..d#........,.<.....7...#"!..
+..Aj....
...o..,e-.c...m$.O2..Z..,2..../...".uc.,...`.<...o.>......l-:..G.>.r.w.3{..y..T.}...Y7..,..
i.|.9.J;3..#3
n..O.E..=].7..,...J.D+.+...tJ\;................,...0?].*...v.NB,9.....\........{}.Z.^WC...&..rD.,^*..o....D.
2N.{,5gyD.......z.TGB
.I.[....6X]...t..C.JX...lp28M....q"....]n:..a.W.
.....'vt.#8....IX......~.i....w.u....y.Y.=&...k.
.P\#....t...CiJ...o....f.Y}..1.
..a.]cS.2N.$..U..].i.#p.f.TQA...
^..n@X:...i ..v.
.......x/,....A......'..U1..Y.
w...M...<.).,..%...D..e../.....D.$.0g.2...j.....
.hx.	.......F...,..z.Q*.{%..~.
1.,...O.%..i.OJ	.).
.I.[....6X]...t..C.JX...lp28M....q"....]n:..a.W.
.....'vt.#8....IX......~.i....w.u....y.Y.=&...k.
	...JC.A5.....#..@......EJZ2..R.
....g<....lt....O.....H......x..R}7.>v....{.J4..
_.....<.V.d.R.....a........m.(....nmU;.....{.....o91.u?%.dl....
.cx.......i}..%;t)..v.y`k'.
.a<...S!JS68+>Mo........b1.......i.j.K	...!F...#s#P.
 ..U..z.......^<,...'.....B.;4.=....9N.L.....f..c
....X..{M...=.uM
x...p.}.((vu.$6.({...{y........),uV.R.A..|f.h.P..,/..q........5...
.I.[....6X]...t..C.JX...lp28M....q"....]n:..a.W.
.....'vt.#8....IX......~.i....w.u....y.Y.=&...k.
...R...)j...'..$,V.z"..Y|..uz:...
.U...Rb.c.O=.i....xm.).m.]K.V._#.F.....2...l......:.Ewx...8dJq.
..U..#.;&.)x....'...x...w.+.tw7
...G...AL$f....*Wh......?{.h.P$.c.Q...d.Q.tc....
.#.(...).i..2.....:..M.;...O.y..
..i....*)B^a.. k....6.P8.qZP*.8]`.&.D4%....\....
..SB..(..#/..)..
.7.g2......'c.|-...z...i.b..V.`.....M.
.._."uu.
.-.....9EW=..%.........+s;...YK
...."#`.k..t.......z.......J..}...},...b8.....S....h.....H0....C
..	....V:......_
.../U.N2.h.).F.fq.NZe.F...M..Y.d.t...t........,
..G..`.R&..[e.a.D.<$.q...bZ%.q.<,...\4y].x..S....,...n..Il...|.e....z.
.h)Ot..v.
.I.[....6X]...t..C.JX...lp28M....q"....]n:..a.W.
.....'vt.#8....IX......~.i....w.u....y.Y.=&...k.
....M..0...U^...Z.....L3.t....k.....cW.x..\.r/4O...B...w.}..y...
a5.p..... .:....
..G..`.R&..[e.a.D.<$.q...bZ%.q.<,...\4y].x..S....,.
..c..m..:K..xa
[z.j$......Qs6.~.l......
....!..KvB..iR.....0..r....j..K....'.h
.....:.p.......Y
r..B.?..F..*4.t5..b.F..e.....%".....}.0.@_h..t
.d.n....3.;.......c;.0.G.....>) 
.n?
.Z.MX..B...y1....^Xb.[....+G[.|S.F./e.9.....
.6..W....l....-n$.....$o........
........"|{.m..0.<..l...g..u.M..
..4..1i......@.6^!..rX.....y....k3.
w.P.:..DV....%b.>.<...g`...G
.....:.p.......Y
o....K...p....b......e.1.eP.|....3.-j.	.?..<.L.K..[.~%Ny....bj.
.z....y....1...I. NlaR...j.29.y.
.....:.p.......Y
N1g|..{..0.
.d..Z
.Lq........T..y..s.t....n.......d.zq.o.....S..
A).xm..O.Y&.*=_.D..|....R.R.c...
.....:.p.......Y
*'..../.......r.3.aD.	.....U.....U=<.<..e.t....{.F........y.....
d..x
..	...3..[..[I7.z.....l..o
.....:.p.......Y
._...N..e......x...S\..QL....a;...`d..."...+}.V.
:.q...8...<E(`.T.|......I...y..p.l....(.4P...J
3..?..a...:.y...Pm.tk.....).ES.....@k.,..,["fPx>..T.r.Q.......l.
#s..@n.S.b!j......../.
.&.W..q..
.....:.p.......Y
&Ddy.k..;../[;u..i..lHprA..<...
p.k..<hi@g...b...H`w#.....`{..'
..QjB..R.R.........K..fxpB...
%..4B.....4[a.zH..
L......"K.../^.4....OM.b.o...
..
.....:.p.......Y
d.....\.HJ...|J..-.XU..K.O.5....
...... CR\Lq........-.0cH......I.J........-...J.
.b.4..VT.z.j.!]......*...f
.x.+^
}.......O.8...........PQ......|.,.1..@...@.H#.PU]..72%..T..../(Y
3....)n.aA@Nj"%.,Dx....{...~.FT=.F.B..[;.h.4y...5
...;..x..').&K...4...t..0.....m.,k...F.>.....f.39`...hA.u.....J..
3....)n.aA@Nj"%.,3...:.......o.txM......g".\.Kk
@
a.><.z...'nHY..+....m..c|Ja..C..,(.&z8t....
.Hv":.S..Q..A4....z.
3....)n.aA@Nj"%.,.......~..E..;6./'.V3X.......I.4
.N.8%...'..od....."...A.........,....[...w...u....>.......I[.[ST.
3....)n.aA@Nj"%.,..W}.q}...i$....~N....2L....LIE]
[....`I..h.........H...`X..u.m*.,.s-M.U>	.X...........*S....N...
3....)n.aA@Nj"%.,..I_m...]x..I.c5..L~e.Q.>.......
3....)n.aA@Nj"%.
..i.8\C.....d....^.....0...A.XO,.ByI....;.Gl....-......J....H.$2
3....)n.aA@Nj"%.,eq......1..H2.)q3.Y..w^
.....1..
3....)n.aA@Nj"%.
.M.._-...r...So]F	..i.E..m..&...,..'.T.............m.........,,.
3....)n.aA@Nj"%.,x...T...e...9..J..}.0....`.D...
..4..D..&..$.#.../..DtNn...!..[.k0..f....I*...
.R\&........l..MSy|K.......3..A...4..a..y...e.-.
..~9.}.D..@..J.2,..kx..k.:\GU.g.t.z.....,.$l....^
....X..{M...=.uM
....X..{M...=.uM
..!.....K.9<.r.
..l.....j.H.?d..,.Q5..l....(0T...l..n]%..J...=.WL...l_d....9.j..;
......E.*...@,..
>..d
_.y,.......d.|.`cb%T'.W.f.
..
.n......q.#.}..)`.".u:.-.b=V.
..b..........\......E..,X.U.9G..,.5i7>.:7...[.Jiw...q.....t.T....
3....)n.aA@Nj"%.,....I...%..)..O....vu.R.......H.
3....)n.aA@Nj"%.
sd..5...0M..s	!].kp$.Q8/7....-.D
..	3..n?..V..F.	=a..*...Ea:w...,.x....l.-......y..!...ZG...TN.
3....)n.aA@Nj"%.
.,.....o.....Uk.0
.l..>../.wU...,O9..D...p.}Q......c.#..-E...E...
3....)n.aA@Nj"%.,..-7.....lz...u3.n.2:O9...G....Hd.B..{......h\..
3....)n.aA@Nj"%.
.%a.&!2..<..^..F...ZtO.........
8s..y.&..bC.ph......W.;.o...{%k.\.A...9x../HU...
.......d..b...?;.c.9.r.....:. .,......"..J.....Jit=x.;A...`....
3....)n.aA@Nj"%.,.z....PC...jQ.#...n.#J......V3.w
3....)n.aA@Nj"%.
Z.........#-Z...0Y......k.=...d.
)..sp.j..b..:......u...B.u.{...d
.l.rI..t..,..........iX N..B....
............<.R..
.!. ..~"d#5...Pl..}....y".....
j.....>.8.`*C.I..].k#....?sg....,.;......-`.V....a...D....D.tK[.h
3....)n.aA@Nj"%.
.t61..=...RrpX.._X+.......b.Ph'.,&6.U...`.?..e.......T...+......
3....)n.aA@Nj"%.,=/..C.f8..1}.3..V..%.MG......<.]
....K.@....}.3.~2.1^.	....aq.x8.,R......67.oa..../.9.91++.f;.z.#.
3....)n.aA@Nj"%.,.....h%b
...ID.y....f.IT..GU....
...F>..
.....qn.g......_.L.M...$
...... CR\Lq........-.0cH......I.J........-...J.
PX.H.Q....`w"...,..Y.,. ....b...........IpN.4jNH.f.....*%.._k...
.D.Aj1....P...-..... ..s.j.6..
..e.....V.K...!.?....)..z.."...(.@.D...9tI..'y..zx..DN.+..W...7.
..
..>?......^.L!kVJPD..I.....Q......."./...*.p.
a.F...3.!.....k.
v ...C.D,*....(W..6..V...P......,b..O]...S.)..G.
......!"....<kz.....F.^6.......,..-i.d........	..4.Q..o....\.q..
...^.lXS.....v.
#........`...,N0q}B.|..m...;....s.fq.X...j...W.U
c.@R1..B...Z...A.Fi	.....&.-\....ux.E...S.c..)B
....D..;..JQ..i.
w.]....=H..`....w..F..JJ.<.._W. Z...l..i..... .Zk....g..w.t.+.
XO'.....fC...q.S
...^.lXS.....v.,j.r..QB.f.._W._,
e...9.B.....y.xg..D..=.:..w{...I.'....d.{:B....
...^.lXS.....v.,j.r..QB.f.._W._,
.]K}..^...;..%.iC.p..>x...1.].',^...`...^]{.z..
.. -C.S..
+..24.,e.9..-.o..J.....,j.r..QB.f.._W._,
J.`...O
.	0.....	...e.aRoj...wP.
....X..{M...=.uM
..N.Q.......@..jAM...Y..8u.1..](.).[.s.."...u...
PX.H.Q....`w"...,~......h`......}...`_.y..............\_V.Y....o
.D.Aj1....P...-..... ..s.j.6..
..e.....V.K...!.?....)..z.."...(.@.D...9tI..'y..zx..DN.+..W...7.
..
..>?......^.L.t'.3..n.j.!4..n
.....'vt.#8....IX......~.i....w.u....y.Y.=&...k.
.{Og .$.8.	....3,..m
B).].("G....
7...t<......../.,.....*.J..#(3..m,S....n.>..Y...v&
....D....D....2,...=...X)......2..'C>}...?.....n,..9<v.c....!-/..>...2.!.F8........@.........Z.$O,.h..T..[W.x&.`.#
......m>..2....@.:?
{.M......\M.,9...uY:.:..pu.,...g.'.Y....... 6Qa.nk{. l.xf<$B,.Ci*......D....
.J...!.&...Oe.>,.{+,}..`.>......
..N.Q.......@..jAM...Y..8u.1..](.).[.s.."...u...
.....'vt.#8....IX......~.i....w.u....y.Y.=&...k.
....5.....M.-V.....Z.w.....V"8'	.=..~Y..W|..V..x^W.....%....$Kk.
a5.p..... .:....
BA7.....XlF..3+.@4..
}	.4....p..,F..m.t.~@L...G .,............M...
.TWY.....\G.kr..	.....tY.....k.5.W}\xv,1T.Ap.m.
3-.F4...:,.......32;.f.YFz.}i.
..	.By.....i..H....O"...si..0.zf+..~....Ad;..AK...F.i.1W..+6...
.@{.@..vp@....O....Q.A.e....u.t
.....:.p.......Y
%3a...v....V.`)Vg.%.}./,a.o...=AG)..>*
4:1:.J.........L.b..>h?.>
...ibS..Y...K+..O..U'~.fR+.a.Az.
.....:.p.......Y
u.j....#.<..FI......2....:.H..9.n.N....M....+...
]..K.S...)...?....#i......*.1...D...f..z.c...G..
..|...e.p.....A.m.8..z.......'.b|."..B+.+.SruD~>%..S/~..c.u....V
...>.J.U\.C.$....V..)V....vP(...
.....:.p.......Y
'|...8.........J}.+.;...5....]...7..;..P.U..p..
..)i:.._.(P8..r.........W...Mqg0...y...:Y...@....P,..G..g..
Q.
T...T9w..e........r.{a.....d..v.k...vQ)..$..'&;......U.W(.{Z.b..
...m.?KX...7...O^=...Kw.].f..H..
.1.... .H.....u.&.-....ykz.T.G...WG3.@/..Y.h.J&......$.&..lLG
b.HO.p
..#.!.F...o....=.#..]...
6.....4	|.6.....Z...\I.M.>d.rR..
=1.h..)..O@...k., .oA....$qW1.'.m..'..r.._k.;.....3H..t?.G.".|.(.?.Q.b...IH..q..
.........#IQYs..0.j......i..i.+.?.q.E7.i.X....0-...hq..M..F..A3E...............
C...kYM..|g.,y.......4.k@.-p.etH... .@....}.P*.>&X......;..y..p
....a]..;..;X.
.x>..(.....E...B...$.a...3......,.@.^..h*.....IA.*y..sV.....@..........9...D.9d..,{@...........J8
.G....V..U.....K...nWm.:..@0n.D..%.H..k..sO...Vh...RXLn.........O.....~..5.Ql
..z3.

V....'.5....r}..[{..d...K. .{.I......B.?,_.TNt.........V.../!R..aX.?...#%A.H.......e...~Q
?...$.T|..s.vC.,..yskN|.....O.........<5.'j.w.'..w.N)..n.@...A&
Y0.Xf.....%..^iY.!Y..nT.D.....G.,&K.e.XO...4.b.....o.rWe..>"0p.~.
J...~.....!..CI.$....%........,F.&...W..V..H..k...]..6f9....0Z...P.D.,E...v.*.p.
.4..G.....0lw	{......7;"...e0-...h".j......>.....B..I.....#~*41.77..F~..K.,....
...".A.	Z83...'...VQ.T....	c.$....<.yH.....8.7~.7	..e.e.2.0..o...?0H9......F.'
....Y.y|.5..!..m8...fE3.D..H...P
x.M......./.J[9.o..ux.h
.a....V....?yaV..(.^..An?)."[0vp}ad...U.IKd..v.c...	...
.....~....b..~..E..!..>d..uZ.N!..fM...t_..E0b..mM0Z.]..U....}.....R.&.0......~./
P{9-..|h{\6.......e....',L.....l......t#.....@....c....g...P)..p..a.pR.....F.h3,..G.t.......ric.
.S.s....>.k..dD...b_.iY..}:....S{.@c...q.....%.Qee....H....^um......7.".U....*.>
*m.is.....zRK....
._.5..x.."b..~..Da.2.3...g..*?...3.
...]..Hw..yM.\......Z,.%.
\c?@..=d..P.Q.8...^3f....8...p.W..2.x[.~...iG
$}..I....$..Z.`.$K.....	l....D4.
..?..e!
...jf............Io....}..n1m
!.....\r.........W.X..!.~....72R.../.'...a
....2j...m~.I9
.VkY.5.W..f....z.J..1k..9.. ..."......e%..t.s.,._iIJw..8.[.0.....	....[u[P....d
..\.........0.....k..$u..\...3D/
....Ia.... .3.^D
.7...F....z_..+.
.&..C.W.a%.w..s.
..a.wi..*e..5..}Tx.."h.bT.....,o......... V.tH].I.uA...z
S.I.E.
=......Ai....d.C...J..g.E`.;,.$...l ...."....h.
iY....N+......&Q,..W........1...
.h../0./......
S,....Ni...aE...z@,T.....y}.. !C.mCC.X.Zm..?1..<W.)=F."u..>..}....
	k.\...SB.'.Y>.z.....WQ1.....21.
...../....l.H......r.....j...4..W6.U7....3...	.
....E.L....>O=..3..X..c.. N..a"B..NB... ..g)E..
.A.,...uM].... .b.lUJ.Eq4.u'+..
@Z..(..{...V..VP.s...[x.5.Fb..-.F.....7........Q
..k..0.~lH..	..m'/....8...Z..>%
....?lB..L..j.!..~...G.I.F...EH....[.
.(._....._s.p.N......1....
.S..!..gR.."$.....*|...\.Q..2.9.....(x..K.
.....)..J....RI.H..
.....)CP...-K.....^...vl..q!jw	.....'\...P@.......]K.>...4.&..l
...\q^...s..^..n....<x.V#e\^.}.......!{..z..&.D.
Y....T.....).@......5.)Z..\.wog.:F......f.$.......g..U .&....1.,Sv._.4bB........
./.Blo.Rs.....{...k....0eg.).)m...........O,...$S..%..)Mv..H..qK
....5..n..l"`k..;..u......;.,.q....[.....ir.8...^.^A....x1.+
&.
n....].o...0....;.:n6.."8....V9.WR... 8'j...e5G..^4..B...&...n
V....b..Q...:....&.j.s...}.7._A..:.r?.......1.x.
.ok.N.m'
DS..{.`T*d.........l9..[|.....E..W.@..k^e..*V#.........
..A.o..u...bWu..s2..T-6^FpD].m[Z.`=....s..F.(...
KT4.R....D.....=u.....b\.^./6.`....%V~.C.w1>.}
x.PiJ..Qx....C..{Lo.-.g....%".N.0..]..
....e.9..q.!..@..g.;..[w.
M+..E..c.u.a....,=..L.t.....;..:5..Q..OY...t.+:..[..3BH....{).{7.
x.PiJ..Qx....C....Q.j....?t.....9..8......f..y..(...]...1.....0
.=...Uq%)...j.VZ.E...].........{.....G......Z4Q.]....O.....2u.3(
..a..x...j=.6..D.......="+.Bj.t>.-*.!..}..6..p?..KrL......a....
I~K*.r ............2O.5	...q.........V..M.A....
.N.y0S..v.`.s..)9...r_..tms".A..F..^|..iN.......M0.e.8C....7.:XK
..;.~...(..rvd.22.5C)..=m......lX...>.].1..jz.h.6...R..@#x.kv<..
N=Y.. #&B...$	...B.{.sc3:"s. X.g.....@....c..."#........<i.%q.
j.3...$.'..?....,#-CWu.B.$....Dlg. ..q..D.Rw4..._..........{=..K.xf.:n........
I..7....\.B;.;
.5.U...c.u..x...
8....~.MS.q.Lv.v.Kz_.7G..&`a..>k.@.N.t.....3......m.3.....]..R?....1.?^K.>...P%J
...oJ.....w..9o.)R(o/...M...Z+..........eZ\..n.L.}m).5,hF..o...
...F	.Q..2C...k.]n.5v..+-D+:`.R...T....?t?..E.]6
..S..2..h7...*..{....`<...%.Kr...k.MlA.K...|9...
sn..4...	..O..Mgp.8.........77i.
....~..c; ..)...,o.n:.../....u...
f...........d.[o,.......u...._%.L,.5d.(6...)d.:.l-X. .IhX...
...k,..........1.Q.z.......7lo.......
......q>..Y-...h
,....2..yN.pP...
H'.i.U%.l}.D.fCj,..W........1...
..........A.R...,.......u...._%.L,.g.A.)y...^....p\.u-.,...i.....9.........(<..I.
s5;.....0XQ%zL..iy...;...ErY...
.g.B...RN.{.z.\.kf.0..*.ru..%.|2
..G57. .i1...U?\#.b2.o3...'.....
.j$...a....|...8.s<0.6($+.0.!mWA.........C......
..3.S...n^......W.hci.:..V.^.of
.V.......}j...F!.Vf.)..~w.v.......B..t..x.(.Pkx.....=.S.D..................vh.]..........G..I..,.H........7@../.:..g.....^{....?..g....W..@...Fh,..W........1...
...$............,.......u...._%.L,.....{.....|p
(.`.4+.....E...>..O..Z.\{.n...V..
f.....I$.V.|.u.u..9.d.)Z.....0... yN<..*...E..W.+fM{.......KW.AF.1.?{...~.3...y/"..4W...x7.I$~`_Z...G..vwr..5.r,..$O...t....5....Z....P..Z....,[yY>l.~......N..G...w7....!..._.3..r....!v+2....,..xPYI..b...K......Ps...=W....
:...oh..%_...I.h.......&.p........o.....&..Z.....2`.p`y.6...4L..s..U... ..qh.3CvD.\.QB.4.=...=.A...Z....P..Z....
....E....%..@..H...P.......l".9.
