BlkID: ,Data: 0100,X.&>.#.:..C.F..n@.Y.......h..B.o...HZ.(.Q....6L.R..i...5.<.#..B....E..])X&.T..T.+..} ..#.K.........~...!...Z..;.I...O}.6........,..8..h..A..z...h^~X...^....{.R.."|...~...";D
..g..5.lC.,e....v....2l.!.........7...y.....*..~.....o>H.>C.H~"....q0I....'.+.8k.qu.8..Z.S
pg.........x..	....GzD...E...**.".
..l.... }...W.X..t.E.......hapX...v...g..m...[..j.....}.e...../K.K]......d.....~Z,3R.H............+..%.I..YO7..^...g.x?.>..T.$..Lo.....z.......O(.}...<5.k.i.\%.d,.(%.m.. "A..Lk*.m..6@u.&~.^q.ZW6nO-......3wn....
e(l....
........]'|E...N.....m..T...U.......{.O..@.0..S...*.^.<........ M.g
.+R..........e....em....2..am..5..(......IR....C....Z.t<.K...].6..te.1.zE_....2......[g!.Z..[K.	K.i..J.K.....k.p..........m..u....u..:F.?..........R.Z.Py....:..t...kLT..R'".U....EGl.{...\.$+$V..VC9>S..5..:..P.........-[..B.e.3.)...X.....p..,../.j93..q.-...%r..H<qM...F=.{?.OG.'m....Pa..%..	.'.Es.R_....D...A....T....Al..b[.mD.....p...d..AJ.O.C....L.S.s(X.Il..\w..|.	Mm..y.>9)'=5.Q.e..1.fT..>c.$.]....y(..;2..	..<.|2*.g.o..Q.
BlkID: ,Data: 0200,.........p.^....o............2	.7..z((Gaw~...t)B..b........P.2SU......<^.N.S.U....s.....=.x.1.s......N.....Y.0..............!.oM......C.....9.....~.._.....ji0..qepi....-/....d.Cbd.z.......F...r..6.:..oc../.qes.2.T..i..J.....lA.....j1.2.8...*.x.0f.5N.....}6CW.1s8W.
C..:oz.0gz...n..).......T2..p)...7.B.%.g...!0i,.{.G.....*(..S..D!.:@=y.o.p.,....P..........Zwa8....PJ.g..~....P. .....0%2......w...*..T..i........DB:Z..k.UFW.,:...t.:Z6l........s#.Ik......U.	E......9...u..)(.."J.lTu.
+V.....*\<.......t......:S.x...)>....8.>M..\F.d..=6F`..e.r..n.nQ....]w..%j....3.@..u.u.0.P...!...D.m.....#....e.....`....".u...."....f./K.....p)G......k....../.....Omv[.h2x......;.>...ou..J..C\	Ly........E..r.g6l...;".z..x.I..8...B...".D./...r3OC.t....^Ts.rpj.."..........,..m...h.Y.v=...%u9..@_,.d...I(G.}.....].J.y...c/...K[.-f....9.....gE.<..T_	w..fw.# .....bI.....d}`...I.qc0D..zx..5m......U.e.........9...g....U..L.....r.q\J...0..<k..#.......{.U":8t.(.w..Y.!.......X.'d..w/.z..&..#k.:x.5....2Z.H+.UKQJ8Z.H.(.p.(.l...t..H8..gZ
..4
BlkID: ,Data: 0500,*a.AE..%.........k.o...H...F..J. H..f..w4.%...%I... .f../..w@M..6..S..(..... ~...z......n.:..rw...^........a.4.~.p..V.E"i-.T.vY.;.&&.....X....-.\.j1r..~..~5gw..b...8{.....x._.>(.U.u..'usV1!.....~vsfTc...U...d..Z......h..3..m....9..O.x..=o.ow{.dCh*j..N.9.U:. ...M...g*..a.@.......4.A...1^.V.."....PpI"*.
....?..m.3...+D...+#..A......q0.....3q..........4.Y.....s....
..t..p......~..A;`0=d.T sy..Rr.s2...."v.... !..>.......cr....%.-.t.VK5<.q7..I....B...Sg..[.......k.L4M.......Xl.."\.. d7.I.Rf.T....0'k>q..=[_..-...Ez.....) ..,....Wax.D{....._buIV..K...R..O#.6..........x*.h.t.t.;$...>......2b.y..V..:.z ...Ox.......4.YL..v,.|.s.....83d<v..<..c.'..!.....J......R.4.....0......."*%...	XE.J..2.............7...l9%:d....I.%....e..*.6x.%.....*R.-.$...x_.#8.......[.....
.?.6M.F.............N..R#....~...	:....wms..V.)uP..t}>...c7..>s..D...vy .E..|.... .fn....;.V{."....H.'P...A..%....e*c7.7 g...|...lR .[....3.SV...............^3......Nc.......N@y+(.3..}.^z.....@....7 r..D~@..`0S..y..9...K......C6)O...!j.Qv)...`..lc&..
BlkID: ,Data: 0a00,#...
}...$4gc.-..Z....l.b{.....y....-...u.3.....7s....n..S....~5*..I..=u#6..k.DW.6Du.0jc.L..I`...N...hR}VS.q$iS./..Z..Z
.................+..<&....]....."}7....3.........V......9.F..U.......X..!.........
F.B...;.;...2?g...CD.>..9.@.U. ..vI.M..u...`.2iB..oE+..M.>+.#....e'R..d.q)..p+m.T.p8^TC..dp}...,..]....J
l..........q.|...i...{v.....:..(H.QA.n..& .P.\..'.$R."./y.*r..j.m.........b...[..+..c.g^5..#. &....n...g..8..........x.F.....8....>.u.Y....o-.?.$*........n....Du.<.iV-.._.X..4DXL=.o..\&*..i.~ve.7~Ov.......@.....p.. ....$?.E....h..........-X...o....L..d..........	....=..)..R.#....3.7x.......
........";Qr:g....W.....KT.....OI......:...f.+....+C0.v.4.\yZ..Q.......)..H.......3$..C(`DChY....e._..IJ.....mV.5.....3.]IED.G.!..%d.....F.$.!.Q...zg..t].3s. .
....Vy....>J.....S....KpE.\.&...7..2I.q.Yg....(?P..tk......I...Nf..x..O.o... f.Y...zjG...,.*kR..f.5MX#.8.
....>.........=`Sg...fQ'?.K...JeM......l..u"5Q.J..>....."......%B.&6...5"m.../B..\8...Ec.^A..6T}t..'|%.}h.W^...M.S...F...;.9.M.I...IX<.)./.c..o......
BlkID: ,Data: 1500,#;pV...f...w..$v...B...n........!).....-'..u.cI.-.[C1..(c{}........aX#w.1....2#.i...V.._k.U...EA*...o*%....Q...	.q......jQ..b..B....|d..s....K....h%:_...G..U./
..}..'p."y..4...K..............|6G..Y....R..8..Q.zg.K@.K...C.I....*.......(5V.e.BSK.i.jbK[.H.1.(.R...b<...<.D.T.>.......G...3.d.2..@+....J..UA.....S......\el..(..r.-j.o..(.W........1i....].~/.q.....<4i.{d.|.	]..........B.&V...j.....!..r.v.b...].w..%....lP.)..hy3..s.9.i..
...9..F.....J.n<..s,..w..c....[..6%.
.x.5.t..<.t.Y....v.$..2z.SO.....I.gB.....k.`.............@......}......1.~|Ei.7Nc..c.%.....%.......)z.:...7S.../...$'x..N8..+.......$.|.^SB..Z....%_.Q......d....R9-}.^.y.m..y..t.i].{....MQ\....N...s..B.j..g.3.....O.8.RV^d
...K.q	>V.%.`...^la.....`_..........f.i..[N.y.'t~I...HS...u...........L.f%...F
..W./)..K.. 6w.(m`J8.4.@.4..p4B.....M...*..H..M...W!..Hh$>.&...u.!.&.9..Z...%..SY.q.....D...+...Y..N..I.S%...LK..Q..2^o.h..\n......q..U.czD9.	,L..vO[...G.zUg!..".d.c..%....A.$Tt..cC..1u+...^...dM.u....$...E..,Z...D......v....O...Dr.|F.....F...
BlkID: ,Data: 2a00,..t.9X..
.w.7.......XD...~|..xo....q....f.....}.D%...m)...'......;r`....5.SqT.wEp......Q. ...)4`..Y.[Sz..F...P.e...mz..w`.&..M....c.....1....]......N3..q..i2XI|=.ko2..D.....t.....L	W.J...w.\$4....`...M...5.RMX^l.P.<bL.q.0.7M....e ....W..=k..F.V...G.8B?1...Kuz,H....q.#D_.j......).Xy;U.(PU	..:......A..^..?(....5....D.....dl....Ns.bR* .qw....}.N.D.T....m.....Z..E..6.t~.!.'o..x)z......[..H...;...(.Ju.....e@4K...@>.N..R7.............l...j..,V..;Z..o&.9.D.~......lT=..xF..*<..sZ."m{.t...J..q.l...e.T)nN..*............-Q.tU....5....#.E..X.dH..!.-:.zx .%.{~.2..q.SW.....F=..[..U.S.e.EL....u*p....Z'1............(....fax..X.H.V"....`......	.....{p..sU. .-<.......C........0..w...V.o.rN..._.t<..DOU.<..EN,]7{...y.Vc.%X..VVN.n.3...^...Q.......u..jlM774i5..M
T;..1=D.+*.U.P.}.K-#..<...	U?(&c....DOOK.....T.}...M....	.F...5..$V./...s.....M.V|0.yf...~.&..;N.!.,m..xEP..y\..C{..D?S..c....j.d..
.o....0Y.&........j.}..?I<..3%.\Y..RK.R5..6}...3.K..a.E}y9....!...PZ.rB...$._s..G..L.u....xN..R......5%
..........:.+Nn.G.. ...Y.27~K
BlkID: ,Data: 5500,.k!p..q.%z.?..bK.......G..l.......{.S.gL..eS...0g..L).o7......x..i...*w...>n)R...cxl./x...H.......	g7.7........'l@..5...3w.3Ii..\<c.0!.....X|b....Y#...WH) .[..0.o
q>..q9..F[9.. .....z	{...("......rOpp.a..~..R..D...._.$..
..."..Z....7...1`....?..Ac.s.nv. .*...,]..V.N.v.....ECu...!....b.8yi.P.!.}.D.^...;(....q
../J.....!.>.....o.R..V...D%Nr.vQB..+c......).u.#.G...|&..)..&.EJ.:..^Y..JA.`.6..71..'Ix:....TUX....s. .Y.K...p.."....]C...cvV.C....!.....k......x..M.AZ@T....v.P....q.X.......
..^c.s...V..M..3.O...K`h......<...2..m.r..]Rl.n......v...P....nq~.[/.^1._u.=....A......f_.J..........	#..7.B.....j.&...........V9].n\..x0.Zb...)...3p..=..L....'S
..E.....d.m.k..Es`.2...	.G.&.........0...^9.c.=(+.F....9
...h....ZHt..k..	9g..(S...^...5.J.o1.T..... w.<....5..x-.....:.H...*....M.B...".....n...c7z#..lN.1.......!...6.5.....vO.....$>..HB.l.
;
.L; ...l6\&..K...}.SW....}.'.>	)(
J..	....s.!.o`..../{.9.O|..~...J..D>$i...o,....{....U.	g..1.B..q........i..<.C...h..F.....+.. .XzR......^[R....ID...."Mn..\O..p.#....~qq
BlkID: ,Data: ab00,..c.>..Q.......m..........b.=....H|..-..'_...@.K.ZJ..q...~f.j....p...!.<......ve...Gs..
......*.{,%.i.rn.%.,...1Yk..AL.D.Y..@.......yH..d....W'.g..s.J.....&..Z;.uA.......<5.d...!Q..J. 9.b.....(T...3[yv...(H.R
P.........2d.lx=>q_...#Ukr..........A.N..0q..>.)>?X..P.2i6.Q..j.3[SZ.L#PB....Bq.5/........CC......k
.~...Zz.u#"......*v3.....*..&...,d|.=.m.
....n$.9.%S..<..'xx....U..@..OIZ.-?.,.z...W.....	..)?..aD.	..)..lxkrOf.W.@b.....?.>m..^.N.
4.obPT/d..t..8.....;...4.....
.6..y.[.}.. .7".....c.........e.&.KX2....q..< x..b..T...v).X....@!....g.7.`.@.Hv.L,1{..C.[T.0......@"..g..%...^O.(...._..~m.g.W../Z	.Zo.....A./...TuBt...r.w,.P....u)]#.z..i|.
hk.r....^$1..g...+....J.Z........*k.63/?{|r0g...1.......3A\..lx...X.......)...u.Cu..6.4V5U../.'T.t......"+!S..E.........:.|8&.[.3.R.yeI..Z;s..1W
.....k.C....Z.;..._>.1k.g.....$..)7w2....?.(!.....Q_<...4..cL.....o.5L..ZcU..s.#q<.ZH..l.
Fu.f.....O.....F.u.y.j...h9...y.".
IZ....S.~}].?.S....4ELtH..0..ZY.Xu.......^tw`g.1)%SMFi...kx...::@#....	,'...b.u...-\Wc...7[..?.....
BlkID: ,Data: 5701,
#aF.`....cp.)Mxw...@.n.!.......s.t...' ....~.3..H.b7.!.Hc......G.....]...~s..efs0....&.\........~.Gzq.y..._..i.	.,l......g>Bh...).{....S..lu..te#./..q...t..}o..~u..2.....g..=...1.k....5;...N.......kB......a.\d5...............E........i..w............d[...Pl..a....$..Y..Z..R..aC......=D....T..G..nC..?.}A....#".8..._./.......Vu#=S......\1..%vt..0lrQMd.>.T.8v..O...t..iE,]..C.V.....u.z....x.C.^il..4..O.#.x=..M3	q.2.U........\..9v..^>..!F.].K?/.....3..	...N..-.Dm.ss.*U.((...M.|..;.........f..&q...#b.>.....lt.L..I.5..o........?X...~..Y..._@c....W.j..`..:.ma...J......~*(77..]......k.......:...T.`y..o......s..6M...'...i3...7%...z'
9...!.+..N....f"..e.I:.65.......Pg>......`......UI.3.I.i......#8.).w..d....(,e..7...~5.{.....MI.</.l.$..h....u.	2	7z....Ln)......J~.....qL%.<x..}6!.,. ...$.....w.....z.....F........z..Ut..9n.....S\... 1.....a?z.....BG....p...GR.n.....|...../C.......?......c......:......N.(.+..]	......c.G....t:]F.(H....hc!......d.j...5.-.n.....,#..iQ.y..4.....<p@m.mF.Vr...3..[..Wtg... <....c.r}O!
BlkID: ,Data: af02,......}0).....w....	.Yj..s..
..(EP..9.$5.)s..c..8......v....1..(M....>d...../1^5.....u.....m.A.K.....g.9...$.N.8..4`.[.)7.....\VHX.".CJw..- -<H.u9....)bp..(.Z.b..[o)V@....6W......gj..x......Rb.;+Y3DIO....g...#.=...'.u4.b.`.Wd.......xe......1.s..Ui#._...c...:BB".I..F.Z.c..1g8Z.C.~^....2....|]7.=.e.=...#..P:F..,nJ...I4......6..+...8....W.....K....J.=...T....Q...
:..........................NU..D..,b.1..L0...h.L..4t.. r..T.\.]B_.\.:.a%..B...........'..[.O.f..0*7.n...B.PH.."j..x.......B?.*x.R.....GRr........k
g6..Y.#9..)...\V.F.B4...IR.SgP.l...%.5.....hz...2....8mT.\((.....LJ...=..F.....n-.g~..}...A&@~.o.....}...RDW...._.. ...U..b.._.".............t.....}..h.C.[......<.?.*zH2...Y..>..%...%.<...j..6.:..Z....@0.....2.$......y;.{n..-.P.z^9.C..R!.....5......l.j.>.D.n.=....:..;.x...J...	q...v.	.R ?...M:fz/...3c..=..5....VOx..N......6...T..3}.{.s...}..AY...Rw..z5t..?*i(...../mz....:...uu..U.`4.Z.D.cQP.....3.........?.+.o...3........89.E......a......D*I.[.	f.WIx..U.8...t....@|(...."....c.7.h...._Vr..._.......
BlkID: ,Data: 5f05,v.m/.........s*?~.IG.dS..mjyJ...+,m....
. .............(...}]~..........k.;Z..K..*........2.......\uW.&>....<.C=2....c.v..-s..Jdo&.r.]-2d[	>l.e=.o.....eu#t.....=.|..i.QJ.d]"..=.w@.|[...Z.......O.[.s...q....x	!h@I...;...[..m0{..F.^p.6W..!+.[.......E.........[...(.|=..].n....T.#mv.O...B....2.)...A...m.g....T.}Nz.........U.Z.7.'M%.v9j......W..^vGt/...F.#..@..0...k...'....=.F.......Q....l$..w..#.Uhu{z.....R.S^..zb....|...g..}..;T...u...a%;\.a...^={1r...........K.^..VHI.C....(.\2N.{N..LJ....6q.r..t7t..A."...T.j,.I.c..#t..+r|...B(............S..........1..}.......+...L.h..|[......V.4..j..f.....L4.LSUF%...X.1._...}...Q8_.7..&
D.=f+..e...H..P..2l...D..jkd.....V..hs!9........Z.\.	... ....P'..m..l^.....s.jUy.)......"..3s]n+..Z..5.X....J=0.....TTT].s9..%...._...Q5..^2w....n;po..]..F5.HX.{.O.B............>......wKZ..S.....^v.x.Y.j.FC3..<..h... :.6......0=.#J:......[sg.T...CG..>rc......n....^]...%.'..F..9.>..E...`.F}+.%|3...{.b.L.u...2...Zf...a......Pf.....s7..5b0...*e2.Xe&WU..V7.*.us...zz...I.....~.[.V...v8..bv;.
BlkID: ,Data: bf0a,"....].0F.8Bg........Kw!\.o/.R,k.......<zI..K.J.......MI......_....#@..o.3j...........1.p....c|Y~Uy.3.). .G....b.LSL..V..caOE.Zu4..O..e...Jf).u;gn.....?C.QQR..&.....K.@......%..n....'....IJ.7P......B..z.T..49.@..gWn......1n..5....	..!j..syB.8...I....r.@...Q.6`...o*.[..<	
!..Q5"..B.......p...%*\b..J.^		K.E.a.<^.Lr^...P9.@..U6..>.CH.9...l.....`....G.).V..(.w-.e.ehS......t.i.Tn....K...y.U7....[.g.......#...Z....S..c....e.5...q...nG.=..D..lS........zU.!"..U.5#......hbP-..=....53.v.X-....`6....._...lu..Zxizs.S...?..b.){..xm...t.(.d..A5>.a`R1........<./4:.%<..U.<.T`...l........ v$..P.....~..#......S1...r..p..v..T;..`..k.n...y<Ha;...|.D.....A..\..f....'.8.g\...20..l...Jj.....Z8..dK!..e....Z....gjq....P`.t.......".2\..g..~.a..j..K..S....\......3D.-v.M.v.,.....(.*=.w.	j#:..J...1.`..(Ms...2....+1...H(G}k..\..E.2.I...i.....E4.9/C.qJO,.
J/....WnUZX..J......$.............V...
.H.....v.......j..&.[s...:/.....)1..6.......R..}&g
zk{....O.|9.J.a...
.....~&O..\......p.i.].R.J...'.A......}Be.+.?..Mc..............Nx...
BlkID: ,Data: 7f15,cC7K..........$Z...
.GR.....+......J.tY....(B =`......w.	..e.......6h..Jl......$...).C..S..F...T..m.D.d.....,.a...&7..<hR.!,.6tMR..
Z..^....5.,N.:.R....o|s.)x.Il..Qp;q'%.s!m.g....V.b..G...S....5KJb.#..c..`6"I4.-........* Z.......V.?..........[......L..A...M..M..u.Rr...X.*..k.....N...r[1..R.(.2#.H(...6..31.8....
U.E.IC.B.pD.....$..9.....@....;9aj>"}.Z..a..*s(Sg|..C^...+...}+d.P.i...:.....H.....t..1.}g.Zs...p....d8N..6..TUrKS.... S.q..v.F	Y.X. ......._c.1.ri.L.l...b......\C..OB:7.)m3..Y.'.......d&_N .......i....mh..0.y..{F..xg...(;.?.7.c..'..!.....4...9H....^.9L[.D[z.P.=.4.....x..L.	7T..j...".f...uG64.)p.......K.5M....C.~...."......!.\......\...p...Gq...qtV..Ol....M2....H.....A\S..Ke.[..........]..t..d..c<&....sxO...>.`.*Ddf,....6-.f...EM..X..+.....q.g...}@..h...T|..YK8'.aPf.[.X..#:..3hl.....G...R...C?MZ....E$V..U.u.01..tho..S....h..j........|....pY......L,...oV:.JL;xf........o+..6.<_AR.!2......`.3/[ysoy...'.&z..y.V.....>-.	...	.....c.........(...O...P..........$..D...../-#\..MrK=..C..$.....;f...2.
BlkID: ,Data: fe2a,7.q......9fF_n...p].l.>*.......5.z.")..-.[7_.R..Ykn....U.....;....M..k...+!.Cq..3l.&_)i8..}.#..c...@I.....<.!....././d............+?s.8z....~...ra....U>........]S./..&?.....M.7.y..k..*..H...h.#...&..h.z.N.......X...Ks0\.Y.F..x..bt4l.]w.V
}i..Y.....B3..q!.....u$..Q.>7....$..7......4PqK.p".b`.f.F8i.WQ..@TD.N..}.p.<q......<...}.N..r.....!
.F.6...ZR(&M...jU.OcI.f.....l}.dV....{.ek......k......Q....D.....)s....x4.....l1-4%b.8..Q..9.~..".Z..ZEh..[...L.;...$.%=......o(......9.C........ Z...D..&..LF.y...>....`s*:..A.}2p.....e	.y,.n.?."..MzE)...q.5.f......f.:C.(0..c.Y......93..(.u.Nc
.;.j.ak:.
........n..!+U..<.......%A..u.h.g/.......$.>..)r:9......)s.Q.^.d\..$A..f...:..|-^.....[..~..k.....WSJ.e.Cn.t..q.G.!_[.xU>....}.'4.!..,.<?...
A..l..j.!~.y..U..7;3.]..^.......[9......9.{....o..n..4...m..b*b.{<2$:pyNSz.!d...F.6...1*.(b.s..b;..}.......D..u.*...R. e.L..R..^...B......P...".Q.p......0......W.Q.QX.0VE.[....,..#..US.....l..isO.3P..{.....)j-..~n8.e..;d...4..f...g..4...]y.....w0..6.}.^...".K....39w..N..p....'x
BlkID: ,Data: fc55,..d.H..R@..6`'.h....t....8..P.nk....@..2...tV..5(.0N%..KjX...I.C...X..L.#..........8.0	..........y.........rC$....c..J...z..&.v#==S.	...>.....:V&.0/....R..z
.j+..7W2...<....pod.#.. ...z..y./..h...~1...M.....2.6.>!...Au....R_<.a..a.3,U....Acc....p<?)....v:.^........:y..:.6....Z|...7....'*..S.....?.)ST.....d/..f.%[.C..*+.g...y.."o.	.+Nj.+..0.N._z.....Y......M.V.|`'.N..........j....A.]t..&.|..q@{........H!..W ..P-..~.{.V...H....C.i."..vE..j....-.u.o..CeM.<..,.q.m.l+...:.<T. ..>..X..6..]$.9..192uG..U.SKU..9../......vH`*..}..../r.....AY.1..y........m.G..
....w.6..`...~B[.L....G...."
.u.:... N"...W..L*(N.Q7.#*e\..X.........@}..7^...-..X. ,^..u;..HxF1.c....{.1.pg..$...0...c.v.n'.....	.{ PUr.7..XF..k..N.#.=..3...../......$Q........._.;..LW.....^.GL.jL.y..f..
......t...-^..a&..xm....AABh....}..D....'..uu.......I.{....W.@......>.....gG..XI....d.E.2G......HF*.......5$..N..b...~h2......RQ.y.V..8.uk...+~[..........	T.%.....<..!X-.{...a.C.#3......N..ch......Gc.!x.F.I............ .j*]..G_..Y.......oR.........=...
BlkID: ,Data: f9ab,V<.<.....P`J...b`..N.p..i..P..5...7.Y.f_......I@.6.N..i..............6`...P..........%.*.3..om.iB....:`..q.:...<.._...v&...8)v.%.G......EV........@./.........).l@[...V9......"....~......L.a.;X.-L.[..j.....M...~C.]...S......2e....R\.\--{&.G\.....e)A.d..9nA9...i	..."1"w.M...L.~..J~.~...v..o..s@r.S.v1..u.O..b...i....X..cH."].V...>.....X....x...k..Qp...u2.O..f..p....Y....m........a8.v......d....p<o.H...%`..o..$....m..hhO;.-.3)..!.u.W......S30.oj.|*.w....z..f....d.M.Ks?........Bui.Vn.#.?......T...tu.LC..Z:l.......Q...\Gm l....^d:\.?	w...`...^..h...X...]D..c!......j....V..m N...|z.".DA..O.<q.........W..!.4E.+?gi...\._.3R...X.d. :.OL.... ..q7....;..b.X.d....7U..i..Q.z.%..q8_.....#%.[,g ......o.4
K...i/%..{p...=.e....w....4.....L..`d.6.JM.1R..2eA..C.=..;w...R[...fS.H&a....T.r\T.....y.~.R.!... WN3..*...|x..0nO*....P.uy......qRg..F{....,../.R...2..F`..{..M....xz......i.[.c.......I^.S...s..k.k.......p...*....#.j..~ ...N...d.*........
..]...=#...L0.u{.!G.`..*.F..^..7....._.y..0.As\.@.xj....O.\.Q...W/->=.<2+.rfWc..M
BlkID: ,Data: 0100,X.&>.#.:..C.F..n@.Y.......h..B.o...HZ.(.Q....6L.R..i...5.<.#..B....E..])X&.T..T.+..} ..#.K.........~...!...Z..;.I...O}.6........,..8..h..A..z...h^~X...^....{.R.."|...~...";D
..g..5.lC.,e....v....2l.!.........7...y.....*..~.....o>H.>C.H~"....q0I....'.+.8k.qu.8..Z.S
pg.........x..	....GzD...E...**.".
..l.... }...W.X..t.E.......hapX...v...g..m...[..j.....}.e...../K.K]......d.....~Z,3R.H............+..%.I..YO7..^...g.x?.>..T.$..Lo.....z.......O(.}...<5.k.i.\%.d,.(%.m.. "A..Lk*.m..6@u.&~.^q.ZW6nO-......3wn....
e(l....
........]'|E...N.....m..T...U.......{.O..@.0..S...*.^.<........ M.g
.+R..........e....em....2..am..5..(......IR....C....Z.t<.K...].6..te.1.zE_....2......[g!.Z..[K.	K.i..J.K.....k.p..........m..u....u..:F.?..........R.Z.Py....:..t...kLT..R'".U....EGl.{...\.$+$V..VC9>S..5..:..P.........-[..B.e.3.)...X.....p..,../.j93..q.-...%r..H<qM...F=.{?.OG.'m....Pa..%..	.'.Es.R_....D...A....T....Al..b[.mD.....p...d..AJ.O.C....L.S.s(X.Il..\w..|.	Mm..y.>9)'=5.Q.e..1.fT..>c.$.]....y(..;2..	..<.|2*.g.o..Q.
BlkID: ,Data: 0200,....V.^..,..8...... ...jF.R.......>..W......x.=W...|x...l.......K..g{.f...6o...W...X..g.'.:n.i..4K.-.NP...Csp.'......................$!..'...e-.!....-$.&.....9...}.D9.&O..\......~............Ur.<......<...y...m..m....d..6....P.XY...."..1]....s........".g...N<.Rw.^..T....._)h.....6.W..........<I.px..HS...0.].,..NS....>..R.	.....b7..r.5....X....j...`.....wF...4+*.z0.I..&~<.'....k.nf.3.7...]..>3b...3.N._....#....3.z.L....n.@E..^.J....PV..].....-V.j...X..!'...._..5DMp..:$t.$8..1..,..).=.9......L.+.....=.!.......)....?.......8...#.n.r.......hz....gv.Qv
7...~......(..w.c...C...a.$U;e!7]%....N.FI.j....J.#..Ms.DYb.4F..*t...V...G	W!.z....G..."m....f..`.F..m.QA.............99.n..&.V...N.........E..qof..`Z.Cx....(.Cb..i[....2j_..A.y.Y...U..,...r........1...: ....|.i.....-;.K.H.9R..V..V.....J.e_T6.....,.]...?+...VbG.k.P..n...?...."...3m.3.]	:.;na(....Z..2.fg..m}.$.....h..c%..!D..I,..#b...Q4......8-Mj8V..w.'bHq..q.o-ub.VL<@..(.8.	..._'...Q.6$...X		..:......cd...
.8.SC....DQ....8./.m.e..W...*..#.7oY+.....
BlkID: ,Data: 0500,*a.AE..%.........k.o...H...F..J. H..f..w4.%...%I... .f../..w@M..6..S..(..... ~...z......n.:..rw...^........a.4.~.p..V.E"i-.T.vY.;.&&.....X....-.\.j1r..~..~5gw..b...8{.....x._.>(.U.u..'usV1!.....~vsfTc...U...d..Z......h..3..m....9..O.x..=o.ow{.dCh*j..N.9.U:. ...M...g*..a.@.......4.A...1^.V.."....PpI"*.
....?..m.3...+D...+#..A......q0.....3q..........4.Y.....s....
..t..p......~..A;`0=d.T sy..Rr.s2...."v.... !..>.......cr....%.-.t.VK5<.q7..I....B...Sg..[.......k.L4M.......Xl.."\.. d7.I.Rf.T....0'k>q..=[_..-...Ez.....) ..,....Wax.D{....._buIV..K...R..O#.6..........x*.h.t.t.;$...>......2b.y..V..:.z ...Ox.......4.YL..v,.|.s.....83d<v..<..c.'..!.....J......R.4.....0......."*%...	XE.J..2.............7...l9%:d....I.%....e..*.6x.%.....*R.-.$...x_.#8.......[.....
.?.6M.F.............N..R#....~...	:....wms..V.)uP..t}>...c7..>s..D...vy .E..|.... .fn....;.V{."....H.'P...A..%....e*c7.7 g...|...lR .[....3.SV...............^3......Nc.......N@y+(.3..}.^z.....@....7 r..D~@..`0S..y..9...K......C6)O...!j.Qv)...`..lc&..
BlkID: ,Data: 0a00,#...
}...$4gc.-..Z....l.b{.....y....-...u.3.....7s....n..S....~5*..I..=u#6..k.DW.6Du.0jc.L..I`...N...hR}VS.q$iS./..Z..Z
.................+..<&....]....."}7....3.........V......9.F..U.......X..!.........
F.B...;.;...2?g...CD.>..9.@.U. ..vI.M..u...`.2iB..oE+..M.>+.#....e'R..d.q)..p+m.T.p8^TC..dp}...,..]....J
l..........q.|...i...{v.....:..(H.QA.n..& .P.\..'.$R."./y.*r..j.m.........b...[..+..c.g^5..#. &....n...g..8..........x.F.....8....>.u.Y....o-.?.$*........n....Du.<.iV-.._.X..4DXL=.o..\&*..i.~ve.7~Ov.......@.....p.. ....$?.E....h..........-X...o....L..d..........	....=..)..R.#....3.7x.......
........";Qr:g....W.....KT.....OI......:...f.+....+C0.v.4.\yZ..Q.......)..H.......3$..C(`DChY....e._..IJ.....mV.5.....3.]IED.G.!..%d.....F.$.!.Q...zg..t].3s. .
....Vy....>J.....S....KpE.\.&...7..2I.q.Yg....(?P..tk......I...Nf..x..O.o... f.Y...zjG...,.*kR..f.5MX#.8.
....>.........=`Sg...fQ'?.K...JeM......l..u"5Q.J..>....."......%B.&6...5"m.../B..\8...Ec.^A..6T}t..'|%.}h.W^...M.S...F...;.9.M.I...IX<.)./.c..o......
BlkID: ,Data: 1500,#;pV...f...w..$v...B...n........!).....-'..u.cI.-.[C1..(c{}........aX#w.1....2#.i...V.._k.U...EA*...o*%....Q...	.q......jQ..b..B....|d..s....K....h%:_...G..U./
..}..'p."y..4...K..............|6G..Y....R..8..Q.zg.K@.K...C.I....*.......(5V.e.BSK.i.jbK[.H.1.(.R...b<...<.D.T.>.......G...3.d.2..@+....J..UA.....S......\el..(..r.-j.o..(.W........1i....].~/.q.....<4i.{d.|.	]..........B.&V...j.....!..r.v.b...].w..%....lP.)..hy3..s.9.i..
...9..F.....J.n<..s,..w..c....[..6%.
.x.5.t..<.t.Y....v.$..2z.SO.....I.gB.....k.`.............@......}......1.~|Ei.7Nc..c.%.....%.......)z.:...7S.../...$'x..N8..+.......$.|.^SB..Z....%_.Q......d....R9-}.^.y.m..y..t.i].{....MQ\....N...s..B.j..g.3.....O.8.RV^d
...K.q	>V.%.`...^la.....`_..........f.i..[N.y.'t~I...HS...u...........L.f%...F
..W./)..K.. 6w.(m`J8.4.@.4..p4B.....M...*..H..M...W!..Hh$>.&...u.!.&.9..Z...%..SY.q.....D...+...Y..N..I.S%...LK..Q..2^o.h..\n......q..U.czD9.	,L..vO[...G.zUg!..".d.c..%....A.$Tt..cC..1u+...^...dM.u....$...E..,Z...D......v....O...Dr.|F.....F...
BlkID: ,Data: 2a00,..t.9X..
.w.7.......XD...~|..xo....q....f.....}.D%...m)...'......;r`....5.SqT.wEp......Q. ...)4`..Y.[Sz..F...P.e...mz..w`.&..M....c.....1....]......N3..q..i2XI|=.ko2..D.....t.....L	W.J...w.\$4....`...M...5.RMX^l.P.<bL.q.0.7M....e ....W..=k..F.V...G.8B?1...Kuz,H....q.#D_.j......).Xy;U.(PU	..:......A..^..?(....5....D.....dl....Ns.bR* .qw....}.N.D.T....m.....Z..E..6.t~.!.'o..x)z......[..H...;...(.Ju.....e@4K...@>.N..R7.............l...j..,V..;Z..o&.9.D.~......lT=..xF..*<..sZ."m{.t...J..q.l...e.T)nN..*............-Q.tU....5....#.E..X.dH..!.-:.zx .%.{~.2..q.SW.....F=..[..U.S.e.EL....u*p....Z'1............(....fax..X.H.V"....`......	.....{p..sU. .-<.......C........0..w...V.o.rN..._.t<..DOU.<..EN,]7{...y.Vc.%X..VVN.n.3...^...Q.......u..jlM774i5..M
T;..1=D.+*.U.P.}.K-#..<...	U?(&c....DOOK.....T.}...M....	.F...5..$V./...s.....M.V|0.yf...~.&..;N.!.,m..xEP..y\..C{..D?S..c....j.d..
.o....0Y.&........j.}..?I<..3%.\Y..RK.R5..6}...3.K..a.E}y9....!...PZ.rB...$._s..G..L.u....xN..R......5%
..........:.+Nn.G.. ...Y.27~K
BlkID: ,Data: 5500,.k!p..q.%z.?..bK.......G..l.......{.S.gL..eS...0g..L).o7......x..i...*w...>n)R...cxl./x...H.......	g7.7........'l@..5...3w.3Ii..\<c.0!.....X|b....Y#...WH) .[..0.o
q>..q9..F[9.. .....z	{...("......rOpp.a..~..R..D...._.$..
..."..Z....7...1`....?..Ac.s.nv. .*...,]..V.N.v.....ECu...!....b.8yi.P.!.}.D.^...;(....q
../J.....!.>.....o.R..V...D%Nr.vQB..+c......).u.#.G...|&..)..&.EJ.:..^Y..JA.`.6..71..'Ix:....TUX....s. .Y.K...p.."....]C...cvV.C....!.....k......x..M.AZ@T....v.P....q.X.......
..^c.s...V..M..3.O...K`h......<...2..m.r..]Rl.n......v...P....nq~.[/.^1._u.=....A......f_.J..........	#..7.B.....j.&...........V9].n\..x0.Zb...)...3p..=..L....'S
..E.....d.m.k..Es`.2...	.G.&.........0...^9.c.=(+.F....9
...h....ZHt..k..	9g..(S...^...5.J.o1.T..... w.<....5..x-.....:.H...*....M.B...".....n...c7z#..lN.1.......!...6.5.....vO.....$>..HB.l.
;
.L; ...l6\&..K...}.SW....}.'.>	)(
J..	....s.!.o`..../{.9.O|..~...J..D>$i...o,....{....U.	g..1.B..q........i..<.C...h..F.....+.. .XzR......^[R....ID...."Mn..\O..p.#....~qq
BlkID: ,Data: ab00,..c.>..Q.......m..........b.=....H|..-..'_...@.K.ZJ..q...~f.j....p...!.<......ve...Gs..
......*.{,%.i.rn.%.,...1Yk..AL.D.Y..@.......yH..d....W'.g..s.J.....&..Z;.uA.......<5.d...!Q..J. 9.b.....(T...3[yv...(H.R
P.........2d.lx=>q_...#Ukr..........A.N..0q..>.)>?X..P.2i6.Q..j.3[SZ.L#PB....Bq.5/........CC......k
.~...Zz.u#"......*v3.....*..&...,d|.=.m.
....n$.9.%S..<..'xx....U..@..OIZ.-?.,.z...W.....	..)?..aD.	..)..lxkrOf.W.@b.....?.>m..^.N.
4.obPT/d..t..8.....;...4.....
.6..y.[.}.. .7".....c.........e.&.KX2....q..< x..b..T...v).X....@!....g.7.`.@.Hv.L,1{..C.[T.0......@"..g..%...^O.(...._..~m.g.W../Z	.Zo.....A./...TuBt...r.w,.P....u)]#.z..i|.
hk.r....^$1..g...+....J.Z........*k.63/?{|r0g...1.......3A\..lx...X.......)...u.Cu..6.4V5U../.'T.t......"+!S..E.........:.|8&.[.3.R.yeI..Z;s..1W
.....k.C....Z.;..._>.1k.g.....$..)7w2....?.(!.....Q_<...4..cL.....o.5L..ZcU..s.#q<.ZH..l.
Fu.f.....O.....F.u.y.j...h9...y.".
IZ....S.~}].?.S....4ELtH..0..ZY.Xu.......^tw`g.1)%SMFi...kx...::@#....	,'...b.u...-\Wc...7[..?.....
BlkID: ,Data: 5701,
#aF.`....cp.)Mxw...@.n.!.......s.t...' ....~.3..H.b7.!.Hc......G.....]...~s..efs0....&.\........~.Gzq.y..._..i.	.,l......g>Bh...).{....S..lu..te#./..q...t..}o..~u..2.....g..=...1.k....5;...N.......kB......a.\d5...............E........i..w............d[...Pl..a....$..Y..Z..R..aC......=D....T..G..nC..?.}A....#".8..._./.......Vu#=S......\1..%vt..0lrQMd.>.T.8v..O...t..iE,]..C.V.....u.z....x.C.^il..4..O.#.x=..M3	q.2.U........\..9v..^>..!F.].K?/.....3..	...N..-.Dm.ss.*U.((...M.|..;.........f..&q...#b.>.....lt.L..I.5..o........?X...~..Y..._@c....W.j..`..:.ma...J......~*(77..]......k.......:...T.`y..o......s..6M...'...i3...7%...z'
9...!.+..N....f"..e.I:.65.......Pg>......`......UI.3.I.i......#8.).w..d....(,e..7...~5.{.....MI.</.l.$..h....u.	2	7z....Ln)......J~.....qL%.<x..}6!.,. ...$.....w.....z.....F........z..Ut..9n.....S\... 1.....a?z.....BG....p...GR.n.....|...../C.......?......c......:......N.(.+..]	......c.G....t:]F.(H....hc!......d.j...5.-.n.....,#..iQ.y..4.....<p@m.mF.Vr...3..[..Wtg... <....c.r}O!
BlkID: ,Data: af02,......}0).....w....	.Yj..s..
..(EP..9.$5.)s..c..8......v....1..(M....>d...../1^5.....u.....m.A.K.....g.9...$.N.8..4`.[.)7.....\VHX.".CJw..- -<H.u9....)bp..(.Z.b..[o)V@....6W......gj..x......Rb.;+Y3DIO....g...#.=...'.u4.b.`.Wd.......xe......1.s..Ui#._...c...:BB".I..F.Z.c..1g8Z.C.~^....2....|]7.=.e.=...#..P:F..,nJ...I4......6..+...8....W.....K....J.=...T....Q...
:..........................NU..D..,b.1..L0...h.L..4t.. r..T.\.]B_.\.:.a%..B...........'..[.O.f..0*7.n...B.PH.."j..x.......B?.*x.R.....GRr........k
g6..Y.#9..)...\V.F.B4...IR.SgP.l...%.5.....hz...2....8mT.\((.....LJ...=..F.....n-.g~..}...A&@~.o.....}...RDW...._.. ...U..b.._.".............t.....}..h.C.[......<.?.*zH2...Y..>..%...%.<...j..6.:..Z....@0.....2.$......y;.{n..-.P.z^9.C..R!.....5......l.j.>.D.n.=....:..;.x...J...	q...v.	.R ?...M:fz/...3c..=..5....VOx..N......6...T..3}.{.s...}..AY...Rw..z5t..?*i(...../mz....:...uu..U.`4.Z.D.cQP.....3.........?.+.o...3........89.E......a......D*I.[.	f.WIx..U.8...t....@|(...."....c.7.h...._Vr..._.......
BlkID: ,Data: 5f05,v.m/.........s*?~.IG.dS..mjyJ...+,m....
. .............(...}]~..........k.;Z..K..*........2.......\uW.&>....<.C=2....c.v..-s..Jdo&.r.]-2d[	>l.e=.o.....eu#t.....=.|..i.QJ.d]"..=.w@.|[...Z.......O.[.s...q....x	!h@I...;...[..m0{..F.^p.6W..!+.[.......E.........[...(.|=..].n....T.#mv.O...B....2.)...A...m.g....T.}Nz.........U.Z.7.'M%.v9j......W..^vGt/...F.#..@..0...k...'....=.F.......Q....l$..w..#.Uhu{z.....R.S^..zb....|...g..}..;T...u...a%;\.a...^={1r...........K.^..VHI.C....(.\2N.{N..LJ....6q.r..t7t..A."...T.j,.I.c..#t..+r|...B(............S..........1..}.......+...L.h..|[......V.4..j..f.....L4.LSUF%...X.1._...}...Q8_.7..&
D.=f+..e...H..P..2l...D..jkd.....V..hs!9........Z.\.	... ....P'..m..l^.....s.jUy.)......"..3s]n+..Z..5.X....J=0.....TTT].s9..%...._...Q5..^2w....n;po..]..F5.HX.{.O.B............>......wKZ..S.....^v.x.Y.j.FC3..<..h... :.6......0=.#J:......[sg.T...CG..>rc......n....^]...%.'..F..9.>..E...`.F}+.%|3...{.b.L.u...2...Zf...a......Pf.....s7..5b0...*e2.Xe&WU..V7.*.us...zz...I.....~.[.V...v8..bv;.
BlkID: ,Data: bf0a,"....].0F.8Bg........Kw!\.o/.R,k.......<zI..K.J.......MI......_....#@..o.3j...........1.p....c|Y~Uy.3.). .G....b.LSL..V..caOE.Zu4..O..e...Jf).u;gn.....?C.QQR..&.....K.@......%..n....'....IJ.7P......B..z.T..49.@..gWn......1n..5....	..!j..syB.8...I....r.@...Q.6`...o*.[..<	
!..Q5"..B.......p...%*\b..J.^		K.E.a.<^.Lr^...P9.@..U6..>.CH.9...l.....`....G.).V..(.w-.e.ehS......t.i.Tn....K...y.U7....[.g.......#...Z....S..c....e.5...q...nG.=..D..lS........zU.!"..U.5#......hbP-..=....53.v.X-....`6....._...lu..Zxizs.S...?..b.){..xm...t.(.d..A5>.a`R1........<./4:.%<..U.<.T`...l........ v$..P.....~..#......S1...r..p..v..T;..`..k.n...y<Ha;...|.D.....A..\..f....'.8.g\...20..l...Jj.....Z8..dK!..e....Z....gjq....P`.t.......".2\..g..~.a..j..K..S....\......3D.-v.M.v.,.....(.*=.w.	j#:..J...1.`..(Ms...2....+1...H(G}k..\..E.2.I...i.....E4.9/C.qJO,.
J/....WnUZX..J......$.............V...
.H.....v.......j..&.[s...:/.....)1..6.......R..}&g
zk{....O.|9.J.a...
.....~&O..\......p.i.].R.J...'.A......}Be.+.?..Mc..............Nx...
BlkID: ,Data: 7f15,cC7K..........$Z...
.GR.....+......J.tY....(B =`......w.	..e.......6h..Jl......$...).C..S..F...T..m.D.d.....,.a...&7..<hR.!,.6tMR..
Z..^....5.,N.:.R....o|s.)x.Il..Qp;q'%.s!m.g....V.b..G...S....5KJb.#..c..`6"I4.-........* Z.......V.?..........[......L..A...M..M..u.Rr...X.*..k.....N...r[1..R.(.2#.H(...6..31.8....
U.E.IC.B.pD.....$..9.....@....;9aj>"}.Z..a..*s(Sg|..C^...+...}+d.P.i...:.....H.....t..1.}g.Zs...p....d8N..6..TUrKS.... S.q..v.F	Y.X. ......._c.1.ri.L.l...b......\C..OB:7.)m3..Y.'.......d&_N .......i....mh..0.y..{F..xg...(;.?.7.c..'..!.....4...9H....^.9L[.D[z.P.=.4.....x..L.	7T..j...".f...uG64.)p.......K.5M....C.~...."......!.\......\...p...Gq...qtV..Ol....M2....H.....A\S..Ke.[..........]..t..d..c<&....sxO...>.`.*Ddf,....6-.f...EM..X..+.....q.g...}@..h...T|..YK8'.aPf.[.X..#:..3hl.....G...R...C?MZ....E$V..U.u.01..tho..S....h..j........|....pY......L,...oV:.JL;xf........o+..6.<_AR.!2......`.3/[ysoy...'.&z..y.V.....>-.	...	.....c.........(...O...P..........$..D...../-#\..MrK=..C..$.....;f...2.
BlkID: ,Data: fe2a,7.q......9fF_n...p].l.>*.......5.z.")..-.[7_.R..Ykn....U.....;....M..k...+!.Cq..3l.&_)i8..}.#..c...@I.....<.!....././d............+?s.8z....~...ra....U>........]S./..&?.....M.7.y..k..*..H...h.#...&..h.z.N.......X...Ks0\.Y.F..x..bt4l.]w.V
}i..Y.....B3..q!.....u$..Q.>7....$..7......4PqK.p".b`.f.F8i.WQ..@TD.N..}.p.<q......<...}.N..r.....!
.F.6...ZR(&M...jU.OcI.f.....l}.dV....{.ek......k......Q....D.....)s....x4.....l1-4%b.8..Q..9.~..".Z..ZEh..[...L.;...$.%=......o(......9.C........ Z...D..&..LF.y...>....`s*:..A.}2p.....e	.y,.n.?."..MzE)...q.5.f......f.:C.(0..c.Y......93..(.u.Nc
.;.j.ak:.
........n..!+U..<.......%A..u.h.g/.......$.>..)r:9......)s.Q.^.d\..$A..f...:..|-^.....[..~..k.....WSJ.e.Cn.t..q.G.!_[.xU>....}.'4.!..,.<?...
A..l..j.!~.y..U..7;3.]..^.......[9......9.{....o..n..4...m..b*b.{<2$:pyNSz.!d...F.6...1*.(b.s..b;..}.......D..u.*...R. e.L..R..^...B......P...".Q.p......0......W.Q.QX.0VE.[....,..#..US.....l..isO.3P..{.....)j-..~n8.e..;d...4..f...g..4...]y.....w0..6.}.^...".K....39w..N..p....'x
BlkID: ,Data: fc55,..d.H..R@..6`'.h....t....8..P.nk....@..2...tV..5(.0N%..KjX...I.C...X..L.#..........8.0	..........y.........rC$....c..J...z..&.v#==S.	...>.....:V&.0/....R..z
.j+..7W2...<....pod.#.. ...z..y./..h...~1...M.....2.6.>!...Au....R_<.a..a.3,U....Acc....p<?)....v:.^........:y..:.6....Z|...7....'*..S.....?.)ST.....d/..f.%[.C..*+.g...y.."o.	.+Nj.+..0.N._z.....Y......M.V.|`'.N..........j....A.]t..&.|..q@{........H!..W ..P-..~.{.V...H....C.i."..vE..j....-.u.o..CeM.<..,.q.m.l+...:.<T. ..>..X..6..]$.9..192uG..U.SKU..9../......vH`*..}..../r.....AY.1..y........m.G..
....w.6..`...~B[.L....G...."
.u.:... N"...W..L*(N.Q7.#*e\..X.........@}..7^...-..X. ,^..u;..HxF1.c....{.1.pg..$...0...c.v.n'.....	.{ PUr.7..XF..k..N.#.=..3...../......$Q........._.;..LW.....^.GL.jL.y..f..
......t...-^..a&..xm....AABh....}..D....'..uu.......I.{....W.@......>.....gG..XI....d.E.2G......HF*.......5$..N..b...~h2......RQ.y.V..8.uk...+~[..........	T.%.....<..!X-.{...a.C.#3......N..ch......Gc.!x.F.I............ .j*]..G_..Y.......oR.........=...
BlkID: ,Data: f9ab,V<.<.....P`J...b`..N.p..i..P..5...7.Y.f_......I@.6.N..i..............6`...P..........%.*.3..om.iB....:`..q.:...<.._...v&...8)v.%.G......EV........@./.........).l@[...V9......"....~......L.a.;X.-L.[..j.....M...~C.]...S......2e....R\.\--{&.G\.....e)A.d..9nA9...i	..."1"w.M...L.~..J~.~...v..o..s@r.S.v1..u.O..b...i....X..cH."].V...>.....X....x...k..Qp...u2.O..f..p....Y....m........a8.v......d....p<o.H...%`..o..$....m..hhO;.-.3)..!.u.W......S30.oj.|*.w....z..f....d.M.Ks?........Bui.Vn.#.?......T...tu.LC..Z:l.......Q...\Gm l....^d:\.?	w...`...^..h...X...]D..c!......j....V..m N...|z.".DA..O.<q.........W..!.4E.+?gi...\._.3R...X.d. :.OL.... ..q7....;..b.X.d....7U..i..Q.z.%..q8_.....#%.[,g ......o.4
K...i/%..{p...=.e....w....4.....L..`d.6.JM.1R..2eA..C.=..;w...R[...fS.H&a....T.r\T.....y.~.R.!... WN3..*...|x..0nO*....P.uy......qRg..F{....,../.R...2..F`..{..M....xz......i.[.c.......I^.S...s..k.k.......p...*....#.j..~ ...N...d.*........
..]...=#...L0.u{.!G.`..*.F..^..7....._.y..0.As\.@.xj....O.\.Q...W/->=.<2+.rfWc..M
BlkID: ,Data: 0100,X.&>.#.:..C.F..n@.Y.......h..B.o...HZ.(.Q....6L.R..i...5.<.#..B....E..])X&.T..T.+..} ..#.K.........~...!...Z..;.I...O}.6........,..8..h..A..z...h^~X...^....{.R.."|...~...";D
..g..5.lC.,e....v....2l.!.........7...y.....*..~.....o>H.>C.H~"....q0I....'.+.8k.qu.8..Z.S
pg.........x..	....GzD...E...**.".
..l.... }...W.X..t.E.......hapX...v...g..m...[..j.....}.e...../K.K]......d.....~Z,3R.H............+..%.I..YO7..^...g.x?.>..T.$..Lo.....z.......O(.}...<5.k.i.\%.d,.(%.m.. "A..Lk*.m..6@u.&~.^q.ZW6nO-......3wn....
e(l....
........]'|E...N.....m..T...U.......{.O..@.0..S...*.^.<........ M.g
.+R..........e....em....2..am..5..(......IR....C....Z.t<.K...].6..te.1.zE_....2......[g!.Z..[K.	K.i..J.K.....k.p..........m..u....u..:F.?..........R.Z.Py....:..t...kLT..R'".U....EGl.{...\.$+$V..VC9>S..5..:..P.........-[..B.e.3.)...X.....p..,../.j93..q.-...%r..H<qM...F=.{?.OG.'m....Pa..%..	.'.Es.R_....D...A....T....Al..b[.mD.....p...d..AJ.O.C....L.S.s(X.Il..\w..|.	Mm..y.>9)'=5.Q.e..1.fT..>c.$.]....y(..;2..	..<.|2*.g.o..Q.
BlkID: ,Data: 0200,....V.^..,..8...... ...jF.R.......>..W......x.=W...|x...l.......K..g{.f...6o...W...X..g.'.:n.i..4K.-.NP...Csp.'......................$!..'...e-.!....-$.&.....9...}.D9.&O..\......~............Ur.<......<...y...m..m....d..6....P.XY...."..1]....s........".g...N<.Rw.^..T....._)h.....6.W..........<I.px..HS...0.].,..NS....>..R.	.....b7..r.5....X....j...`.....wF...4+*.z0.I..&~<.'....k.nf.3.7...]..>3b...3.N._....#....3.z.L....n.@E..^.J....PV..].....-V.j...X..!'...._..5DMp..:$t.$8..1..,..).=.9......L.+.....=.!.......)....?.......8...#.n.r.......hz....gv.Qv
7...~......(..w.c...C...a.$U;e!7]%....N.FI.j....J.#..Ms.DYb.4F..*t...V...G	W!.z....G..."m....f..`.F..m.QA.............99.n..&.V...N.........E..qof..`Z.Cx....(.Cb..i[....2j_..A.y.Y...U..,...r........1...: ....|.i.....-;.K.H.9R..V..V.....J.e_T6.....,.]...?+...VbG.k.P..n...?...."...3m.3.]	:.;na(....Z..2.fg..m}.$.....h..c%..!D..I,..#b...Q4......8-Mj8V..w.'bHq..q.o-ub.VL<@..(.8.	..._'...Q.6$...X		..:......cd...
.8.SC....DQ....8./.m.e..W...*..#.7oY+.....
BlkID: ,Data: 0400,.H..&.)....6.(....	q....B|.^..:.+.O.X..i.....v...p&.k.p...O.......U2..........\8.g.].W.r..1.t ...5..y...v"......G.l9....
1..`......8:.....{Q.
._...^..X\.b8.}..Y....M+~.g...LI>....%.r....v....O.....;F..
=..L..sq.9'...V.X...`...C.........k3...]/Mc...8..."..[.....I..e..;.........}.... y.d@
.$.F....B/.m.).~..-#.g...!....>O......y}...."..ES.^.F..%...P.}..7..[..)...:D...F.29./... l.<w.......3w...&...i....:.fh..)......G.z...{..U.N...%.'$....[g.......P1gs......b...1.!..
H	G.*.>.~6.....Wh7...m.r..d@...l...].Z:L.q...0E)..9B.W..h....!p[....	A.9...}B.......y...ZK3.y..W?.G.\.Q...8}-/.5...\!\.:._7.i.-y..G.@..1......G.....?	...C@.c..T ..Ss..P....#s...DuW+/....	...T....
..kAr3:...U.fTj...o!............5.w.~......6..iR;.j....wK..*#|aXTz+f.(;RIY?f..S.pX..m@.jx.xUPFA....%.=..?.r.O........R[F~.@.[...xy..n...dB93......?....adg...e..s...	.1.n...1.D.V..9.8Rjm,4..C	....*...3t6B.}1.....O.!#b7...F.DE..MQ3....$....=.....c~.]M1....j.....1...e.5..5{l.f.4.oa...d.......u.......
.;5.$..R...$T{.A......=x_.@....r+..Yf"..........
BlkID: ,Data: 0900,....j.2..TO7Tt.+g..
...b....9.3[.y5....;.......u..[(.......E>~|j.....R.-..............#2a@j.Y.....
.RA.0v<.SQ..i.9.....K.d.H.m....e....+O..g.A..P.5k...W...5.a"pt|.........L.9...........R@r......+..O.~.s..f.......9.D.A1=1r.1...{W
...3[=<.;...7..Z..........>B8....U.. ...,6...+............^h".dV|K...td.b...;.EJX\~.p.pi..Ff../..1&=A..?..Fg..+B..a...k.D.........BdR.}.v.dW.~......@......2......f(.
.aE...k..{....P..g...?...D. ..x'rL.eR..[......J>^D...63...%...#}...Y.e/I765j...3..w1._..P......UW...$e;IRd..`m...D....(..J....Hn}.?;.....0.e.N.....r.b.}.~V./...ek.$wN.(G0....%pn.M6ikFG4.x.I..#......D.0rz..?.#E.!2..v-...(e04...5~B..~...C.G.RTM......p.<O.ToE...........k>.E....C.q....T..p.\..Z.....P.... ...U.ztT.R#..#.
....a......W..AJw.............7.-.... uR..b.v...[.F.G.....`CoF!2t.Iy.R..	.D....2....h...9.......Z..Q..z.%..x.s...A.y.Qz0..T ....5......_. ..m!G.. -......!....."9....0..X..k......",E.].].j.......J..._..(b;....@w..a|T...T.&VK_M.xw..)..........U..{.jUk<....e+...C........$..-@..o*.....Rz.,..C.a.M.n@LH.{
BlkID: ,Data: 1200,.gd.G......h....%....
2...k.!u ..Fcg......[.5>BV......T..U......z............@Z...j.Fix-.f.!..D.b.Y..SD.Y;.dP.#.<..t.._..F&A...K7.+}e.:
u.	.
+../.=4A.e.s.zRa>o	...Ar...T9u.o...?X....qm.a......f.'V[..ge/.../.!iV"yR...i..W...E....TO.?.1;.....?.....QT.{k....VoB.... UE...u..S{h...k.2....$-.	.<~.....W..8..,.....L....	..@g...nMZ.E.F.....WC.c^`.......v%.k.%W.....@....?...k.h.h$.w.o.:.GH.qS..|......~.~.z{...D.../..D.,._.fY....!.?...~.E..2......LK...[..?.W.j..5...g.....o...X.K.K....O..81Fr...'+..-....u/....	V....n!..T......K.(...(.G...J.......e.q....=..g.}...
.Lb.{.b.4i...V....T_.c.h...5L...]C..z..*/
.....0.`..
y.v7.F3-....l1.].f....(.fC.n.>q.. ..8.*.'.?...d"@..nt...[`.Z~...Q.@*r.4."hV.'6....yU.a.mf
.....6..9vc.i...B)Q#.j...#.....z.(J.....xl....Z"..	u~.6...z.....tT..y...........F.n.pW..~..JbC.<{..]ra...D......d.E.04.>.......R.....wK/.=6{....2S..)q..N..........-.}..8.......k.Z......t.\.:.{.....!M.M..Wp..4......c...4.X.I.......l.'....+k.....cw/...........(Nn4;....?..1....3^.A. lH.Ne..4p..	. .2..0....@;T."..n...
BlkID: ,Data: 2500,;.yA....Us.........7.}..d....0.t.n.Q&gg.#.......(.CfZ........\CI.v..?..=S..J.5o..%g..kQ..`....G......Q...08is.F.z.6...t...sa.....T-.s.Ai..t.A.....Y..Y..T.x..+.._..!.5....4..sh.... ..i..d.....(...*.......@z.@.4c........=............k....q..E......A...".08#...|Q.r..3.:kz..S....K.vbM.C..%......l._".2:S..<....O.......D...!4	N.......3.pV.\]...g.ilG..G..
..^Et.....(g..4...A....=....	>n-..{5\.#........e+...."...#_\.O...E.U\f.a.......k.+...* i...D.S	......z...........Y.4..-.y.......Y|....f+{`...&.g6.3o.!.rk.;...F....Qi.amb...._.....U.+...P..z|....h.F....A`...H..(..@Z.
G.n.5.h..V	.b..Zi~vr..|.57h...2..1...jo........2......j.$...t.5....|.`.T...v
....ZR.H..4..I{'.L....I... ..L.........X.....nG..i..3.....}d.@7Sq...>...`.^[..M...*.
....s%..W..^.........g........FU.I.....Wq..T.s.. ..k~<e ....f.....NUT..P..-....Y....%.....D....1p}..S...!....$V*...........k..As0..d..A..|`....4d.^..l.{..@....N56.@8\..!0.....P;,..%..6............&./..wz........*.u.D.o<.Z..x..
.m_.u...2.$....sD...r..Z...._.j.l..YF)....C.....>.....
BlkID: ,Data: 4b00,.....I#V.Ja.....5...I...E.R\mM.#.....5U...r=L.O.C.o...a...b=z.......2.~....1...R.Q.....=k.......S\2.QTC...-.w)..7............y.x.........J{..c``.=..-....{.......]w,..a.....]..fu.d..<....<...U..+]|.H.......cM.IpG$.......M ....
*..	W..i|..4/.......?.52.....S...TCu............;Au.$....*.+.!m%...).,.i0u..Fc.L..9}..G>z}$U"&.a;.y.dL.C.Q........,.dY.F..^,..u..l.Y.|d.........`7e....+..,..= ... .....d...i..k.d.>./.K...>.]F.h...L.</...]...b......s.4.%....i..=1w.\.TW...]....@GKVX....."..5.Km...R.^...k~X".I..	.....l...Xwa..`.DJc.p>...b!.....w....O>.	..>....s4.....`.e60.	.h........u..W....v....Vu8........N..J.|...*p.;_:8^...f....]......5.2b.....i..7.V.....4..c"..	..g....9f..=..JC5J....u.....".3...v.r...6.3.P....-:.h..
...>;.........
..i..;.T.s./u.8G.."5J....(...P ....)....2..g*/..Z*..*.l[x7.3......K!......4.cY...Y..Vz2.....r.iF...D.....A..?.......<...*@n.......V..w...6D....X..5.......7.....4..e...M.h......T..0{.......|..~..VN .#..vJ/..-}6'...
...[.ZV.B..........@...x...P:9.1+Of..
=.....W*].&...Z..a.[.zT..y.|.R7..C`W.
BlkID: ,Data: 9600,U...... .d.%..|i^.>.....-..Pz.$k...5.Ju....$UG2.....^.....
.#....=E,\5.N.5=WQ.o.J...b...$Hbgy...i.(........2..4.S2V.%.X...\.b:l...._3g..Q.'k5=E.q`0. ..j*...!.Ax@..q.b.,r...L.!9.\....~..2f..@.-...+#..3.wn6.[......b/..{yYYT.......#%.<M...3.{..ur.9!....F..B."5....S.c.Z25....?\,-..a....,h.c.H>kF.....V?}.....F.O.Q.{>O.~.....V.Q~.q..\......?..
.../9.....8...j....E.Q.....Z...V.....0....N.N"...TuxP...S..-.(DC.AX~..Z.
...........V....J)U.}.r.I..y....#.{.)..2nw.!.....Ve..OO.-uI.y.V.......4......e.a.....W.n.?b.Z.)(?.~ .Vd...6QX.3
...ZM...gM..B.N..~.........rF .A......L\....\.........D.\..-..V.2.!.49....C....U...Rc!wzG....L.4...........M$.G.}v.95.a.m..p......|,3.}*....v......L..)..../.&00S.v...MeB...l.......vs=q....Bq.'2+[..,Lc....Rl..#../w...F.......f...}.e..-^.k2.trK6a.9.....L]|.4C87."eD...?.9......YQ..,D..G.R...	.3}.....R{ +J04........p|..O...@.p.A....P....f.i....p..Z..D....k.#..C..{.P.y..t.]....I....#..d.y...8..q..Of.E=....D.n	.|+.8<.D.).Q"gV.ye.s...k.*.b.^..
...Lm78..8.o.v...Ko..a.,.0.X.*.oT.k..wq8.
BlkID: ,Data: 2c01,D..2.......Zu<...0..}.#f..$A.q$....#....e&+.q....T.H.i?..4M5Z...L..+.5...qN+~.l.1.5M...........d..%F..s.,...z..Z...fs.."...hQ.dn?|03L=?H.0..R..Z.....xlYIw6....!....D.p..]P.K6...7;JI..lIQ<.........e.-......n......Q..+...@[..	....1.54.u
.....D90e.bz..4..z$..+.......2Y8..l.].k;.&.Y....X.7.$.bR~....NO.... vs+...:..'..#..9K.{,o.................n&cct#.....'......{;j../c}.o..yU.........7hz+.)Y.z9Z
....e...&......>l....j_.e`.. ....^..J6..E.p*.N...T..x...%...8..s)s$..A.=.R2.D.....c.j.I.H.<.lm....Q....C.d..uT.$..y.l....5...J.._"..7.....8....\.O.....J1D.#LCD.....}3f'2v.[.......+..\H_a.Ek..h.y..I...T..y......B.r.#15L7.....b,...P...y8..`...x.+O....EV!n#.P<c.]......yW_h.w..nP.k...A..v.[...j!...;T...e$-w.H...d..(R...od_..../........"M.O...D...]........{d....o4..........8.a.G...O..m.Q....>,.....\x.S.B7.kWh...C.::.........&..!R.l.`.Z....&a.H..../R..../.f.........F.o.A......S@...trt......E.-r
F..B.%.'..0f~F...0.:z.....!P.!...1...o~....AM..s..Z...+/].......a.G.......&.K<....fP...Iz..>.~	.8mq.+n..x....g. ....{.~......
BlkID: ,Data: 5902,Z.z...z.&.3.tn.,.[X.zwS..$..;.u.u..V..f....e.........1.....)!4A0.t.P.&..D...
......
...`Jw...*.j5zv...}.H*.......*.P....*.j.Q).L.......qej...O..X..U'XQ...X..?..U...k....6...l.p....h.`.....l..v`.>`.[|..>..%......9Q?xa..p..o.3.aP......Z%S...Q..<.w.}....e.'.....J................2..j......{).|..@$..Vq.2....~Q..T/j....+..d.;.!|...R............*....'9.2.....`.....^If$|P.k-.8.3d\...:P..L.9r.e.?...).....3"	........-..D.W...{...}...B....^.......A{~Lo..N..bj....[.....j..i^.R..W...3....d..l4....oq.b..._....v..O.,...].Y..Y...m.Dd...R.....a...?.E.]v..hP....;J.St.4...U..W.G.j.t.......!.u1........8..x	...L..../........L...:)/....y.......$.....0.....H...X.g...<....W...w.m|.x.Qkao..Di.U.....uI.?L.]l..kI.[6.c.4...8p.....Y......`..;.;!....'..uaYy..3.S".o.......).`...r#B.f+...(.9.....B.1...Y..cj.1...=....(!.........6b..s...U..:._...hm....x[w..W...j.wV.......8R.u![?..\dP.i.p.6.......&HEr....PX..N%.p."``jL...YX....Y,.mK....+.O..#V....T..y.m:.....<eIn5..2[...v..W..u..>..E3...h..(U.;4....[.oE..k&..	..u@...w.H.I5.....
BlkID: ,Data: b204,p.V%..:..#o....&.......$.=........5!.c.1.....7#.P.g2.x#D[.~b...B...|..g..F.1 z.r.5@...Z_.....3..C.....C..2.M.=...*.t....W.c...a$ro....e.x...}_#...&..B....q..6..	._.c....g^..J;.S..{k...6..!...Fk..|.k.g_.2..O....DD...hYP<."r.N.2.RGT....,@.....\.>...9..A.S.FN.W.......g...|.O..a...-Y'...9{0.Y]^..(.(.X..Eh........4.#.8.2......&..I...21..i.....30....F3fA,....8...Q......O..t.=NRO.]...."........ d.n...4;4{......../..;......#......{....i..K.>.Q.......z*.?o../.#..8...Xf...1{y....\.Y.
....^.e....s..2`....E.R..!..J.L.f...B..3/.|X.6~....apU......b..Q...S.@..H..T.x(..4.SV...b.gj..q:.7...\$>q......]z.:.g...]....,'..5KL........M	._.#h-.q?.F..~.....h.0.f..9......s!z-.......I&.	...........YO.z...~P.hA.
.|....Q})..W..N.....7V.^v.4...c	~8.......H.'.~...5.. %.Pl..:..}h..TG..........|.N..3|?j.._...-i....^.....N...)..S..|...m*[h\..,.R..[...J....n.T.........Z4........x..xt&..X..+*...;.*.lx"Pw.6H.`.lQ....).8=~..%H....y...
-m.t.W....g.A......;E.xa.-rC.....~.k.a..................b..,Sk....}...M.M.]K..M.	.(.Ic.f.r..*.akf..If
BlkID: ,Data: 6509,...4^.0.&..';.....6]Du.7O. ..%?.!?Vi.....m.....
...S.....:<.}hK4...*.......).+...Z...w..N0I$JIG.^.2X&...e\w[.......S....,.".....+@..	....y....AR...S9.{....[........P...L..........>.y.?S.g0\.7q=...:..f5........(..8.^{..9.v.|.}.H_qGm8.p..8.5x..=(.:.....t.....ww.B...zM...4..?.3.g...L..._...
......,.,.r...2....b...N;A#v...'L...;,.,....t.........]..26..T.&.'i..k.-?'.A.6...cs.............1..m2..$p....0`#..A..t..J..v.j..;.DA.W......s."..A.j..w<R^.........d..y.]7..._.E......^..p..S>.A1.P.*..m...mi..2........1...g..N..Z#[..^...?...B*
.7.....U....(..`!7.G.A&........|........F..rP.nQw..Z.$.ZV.......UV....J..~.gA..8m3....c..;..G.O...:@P..-[...?6:..f3W<6..G.'.d..(.s...(.}\=..;..b.....^4....X.........p.$?.+b|.l]..............!...'..
o>...s..w..........tsp...f...t..qBtr.......I..`.h....I.'..I..C.I.....t.H.z,L>..b,4pO..r..X.J;.!;..QgEqh.%..=.
.....;.{...e`8|Yh.=HA.@H....72[..j..V.....e...RG.h..a..1....#;{.P.r..6.........<.A....%.9].:.#.}.....Q.D.......A....
.2.g.?5Pb....(.kt.....Z
E..#...N..h;.............I.ypT...
BlkID: ,Data: ca12,.N..n.z.J-...T.%...PE]_...t.[z......=.......3.S:.Ib].T..........e...V..5<q.........1..0..C..\......^...(.^........XR.B..u.'B.[..].5..}....@.<.  .r\n..%W.....z'.. .oT..y..,...r..4.'{e..9W.Bh...a.$...v..F."....r9-*t.?..-f.k)..4.b..+D.+w@..R....m..>..s;.>..!o.G.}>...z"....E.}...
T...r.c.....~d(....%"...$( .}<.Gc....x.7...rF.p1.{;....m..4.r..-..@.z..D<.....8.k..
d..s..C3i.u.
....+.i_	.nq.`4..ZQ...w...X.G.n.%...,..C.......14..l7.......>..Y...y.U@.....})5]....?.Q.G..h....0R......k.1...M.c.Zp})F.......C1v...h....TI.+..?K.3I-".Z.......4I.JE.4..{..1..+L.J8......A)....L.7.J59..,....N3..|.i0..$..Y.G...m}.....D...m.o..C.....G.<..0..o....9..E^..9P..K.ep...&p,1..=.....hB..../?p==m(.7.W.D..ff.@.....=...F..ooK........,..w...U..]..S...)....L..9F.F=:E..m..4.9Z#...|... .U...H.....j/y&.....I..j..hg.....=.E...%.,}.X..oO..8H.Y
..&....#..{$.g5:2.{[.^.Yr7H....el.I...e~.J....X.rKk1..3.G.o5C...}H>.a.t.i).m._\.....L..
.8@.O.@k....']F....s..E2.T.m.}G.r...B.(..-|.d..........N/.-/..u..k.B.P....%\.H..[........'yY.<.IS.
BlkID: ,Data: 9425, ..**.%C."...:...8%v.!7.g....w1P&...e.. ....R.[?.[.s.....:.1&+...Y.*...._.YfB.c......P....T0q_....PC..A....Br..."H....W...Q.....H....(h.+..Hh...j`..pI......}.....AM%...R........M...p..........b.........Z.b.....4=.*r......:vZ+_...q.`...Y..bH..T:q.j.@.z.-....9v.mij~.*j.....@xv..-.h..#0.Anx..XiHN.Q...K.....*.V..-..6.-#X_m$/8..n.G:.8&.......~.&....c...\..f$.A..C.H A.........s*..V...7.&..S.....O.ki(y........G......E.B..C.OC D..$...........z7.P..
.L..X...p..[7J.."
..`P9.I......Yw......O....yl..."..b9....5Y...^..L.m.Tg.|L.G_.F..,l..GF......bk..G...
T.....t..dP......t.O...Tn.:M.L...5.....(.....	..'6...jAVa....m.=..;	..(...$.1......C.[..P...%.:..u.qI...HKR....FLJ..sn..z.rkD."U..?.....(..0ul.7........P.{..<.|.......A..	.3.....F.3...E.~.%.a w.u..
.2	.....}...n...lB.d....Y.s....`.)..?S1..ID.X...N.!x..)......|.j...s.KRps..?..2\7..W.*....n.X8$l.I.0.9+....rx....9......0....N.2g.m4..r`..:h&2c..	+...ry.....8l..E.%rx_..p....e^...}......r.....u.c`........M.v..`..u3..R.-j..!\..c...oaj?9....T..N..ZG.	8...[..s.	o......
BlkID: ,Data: 294b,&...t.9..M...h.^...4.,..N..De.:....rI/.0.0..-..p....(f.:...0LQvz]..3....-.Q.._.47..M..1}...K...g..+....S4..)...a...l%....'  ...Usp..	....B..h.n.&y.P.m..N.GW\.8`.......1....!.cPM.~..0.....V$tV*.uU.2......1..wH.!....{..^.]..r.%u..a....p.;...D..].....C2...*..|no....;..........,o...=.e5"&..&...~..9..@.}..<j.F...0...Q...t....M.Li.;6=.cs & {.H{q....\.%...U7..A....R+.ud..C....l..0n*........=.Q....-.9.Uj../;5...\..^........y.}.)..!..ko_._.7.....7..8..r.=};........g......c....b...=/......_...l......wq./Q.d...W.B...;>.oq.,3d=.n......j.LS..........=.S.1..p..W.uc\<....xW..0.{..$.[.....?Km.PN..W	I..E*%`n...d..Q.w;.iOO...........R..VI.,.V...m......>j............k..#H.]F..Q,.h*kB.%5..P.@FL.F........{.-.......[.....s........$ V...\.......Z\.?.@...c..l...?y..V.e.F...&.B[,.......M	G...c....T.x
v
g.....lC...V2>3.>..	6...r....eM..o.^i*X...EN.)...n/r..d.]..F..	..UR.............O
.cg..h1@W*..u|.. ......t.aG~.l3.\...e.3|..<.........%."Y.Nw^.4.]$..1Z) ^....v....k+=..m.......u.....ah...l.{.p.........!.....Y&.z.GP..i.$...v
BlkID: ,Data: 5296,.........yk..r..j..h.....3c....... $GN%..D\.b...f...-QV.p
b[.O....I...O..=^..E#....~.1A?..........o..........D~c....V.%}@D...<.^)g.\4b...a/...c..V.L....	.`gY.K...S..&...........'.._..Ih.r...<....q.6*Z... .iEF...l.gX.......Y!.....)s.7,Y..d..!)..h_..............g.G....y......._.K'.>(.Y!@R;q........_.o...b.wWYW1..o..{P{..s..^.-.KT..n.........v.s".W.xF...}sRu.J..8,n.."n.~5.n.....*........+U..9.F./@...]l..t..B.\.P.O:.oz..._...^..........v7.-{"."@...kV...2.*.h==..c..Yd.+G...._.z%twy...bL.>3D..}..7.....TW..2.q....k......o-.=...zw.>.J..2.T..fe...xs..4......X..'...K.<].. .f.=......=.........T.:....~./.3....z..g...m1>#.^....HJ......-.~...@.-......(.u.`V.T..N.;..._.].JwS8......,9.(.BZy..u..m.....t.....Or)nH.2..%nU...............:....K.3....|.....o;...5..`U.c.O..p8&MMY..7....'>....^...0.i.E...)....~5.R'aS...*~....j.B4f8.I.q%X....3....I9.V..?...w..Q.2XT..7.N..9q?..(.c.._P........\.8.<;.........qV.......xf...)....IC.HTgOE>..A...gE.-A...o.6w
.\.j..N.....d6...}.{....F.......).aU.r..a..*s.l<.xb.M.rp+.^b.93.ER..yF.
BlkID: ,Data: 0100,X.&>.#.:..C.F..n@.Y.......h..B.o...HZ.(.Q....6L.R..i...5.<.#..B....E..])X&.T..T.+..} ..#.K.........~...!...Z..;.I...O}.6........,..8..h..A..z...h^~X...^....{.R.."|...~...";D
..g..5.lC.,e....v....2l.!.........7...y.....*..~.....o>H.>C.H~"....q0I....'.+.8k.qu.8..Z.S
pg.........x..	....GzD...E...**.".
..l.... }...W.X..t.E.......hapX...v...g..m...[..j.....}.e...../K.K]......d.....~Z,3R.H............+..%.I..YO7..^...g.x?.>..T.$..Lo.....z.......O(.}...<5.k.i.\%.d,.(%.m.. "A..Lk*.m..6@u.&~.^q.ZW6nO-......3wn....
e(l....
........]'|E...N.....m..T...U.......{.O..@.0..S...*.^.<........ M.g
.+R..........e....em....2..am..5..(......IR....C....Z.t<.K...].6..te.1.zE_....2......[g!.Z..[K.	K.i..J.K.....k.p..........m..u....u..:F.?..........R.Z.Py....:..t...kLT..R'".U....EGl.{...\.$+$V..VC9>S..5..:..P.........-[..B.e.3.)...X.....p..,../.j93..q.-...%r..H<qM...F=.{?.OG.'m....Pa..%..	.'.Es.R_....D...A....T....Al..b[.mD.....p...d..AJ.O.C....L.S.s(X.Il..\w..|.	Mm..y.>9)'=5.Q.e..1.fT..>c.$.]....y(..;2..	..<.|2*.g.o..Q.
BlkID: ,Data: 0200,.H..&.)....6.(....	q....B|.^..:.+.O.X..i.....v...p&.k.p...O.......U2..........\8.g.].W.r..1.t ...5..y...v"......G.l9....
1..`......8:.....{Q.
._...^..X\.b8.}..Y....M+~.g...LI>....%.r....v....O.....;F..
=..L..sq.9'...V.X...`...C.........k3...]/Mc...8..."..[.....I..e..;.........}.... y.d@
.$.F....B/.m.).~..-#.g...!....>O......y}...."..ES.^.F..%...P.}..7..[..)...:D...F.29./... l.<w.......3w...&...i....:.fh..)......G.z...{..U.N...%.'$....[g.......P1gs......b...1.!..
H	G.*.>.~6.....Wh7...m.r..d@...l...].Z:L.q...0E)..9B.W..h....!p[....	A.9...}B.......y...ZK3.y..W?.G.\.Q...8}-/.5...\!\.:._7.i.-y..G.@..1......G.....?	...C@.c..T ..Ss..P....#s...DuW+/....	...T....
..kAr3:...U.fTj...o!............5.w.~......6..iR;.j....wK..*#|aXTz+f.(;RIY?f..S.pX..m@.jx.xUPFA....%.=..?.r.O........R[F~.@.[...xy..n...dB93......?....adg...e..s...	.1.n...1.D.V..9.8Rjm,4..C	....*...3t6B.}1.....O.!#b7...F.DE..MQ3....$....=.....c~.]M1....j.....1...e.5..5{l.f.4.oa...d.......u.......
.;5.$..R...$T{.A......=x_.@....r+..Yf"..........
BlkID: ,Data: 0400,....V.^..,..8...... ...jF.R.......>..W......x.=W...|x...l.......K..g{.f...6o...W...X..g.'.:n.i..4K.-.NP...Csp.'......................$!..'...e-.!....-$.&.....9...}.D9.&O..\......~............Ur.<......<...y...m..m....d..6....P.XY...."..1]....s........".g...N<.Rw.^..T....._)h.....6.W..........<I.px..HS...0.].,..NS....>..R.	.....b7..r.5....X....j...`.....wF...4+*.z0.I..&~<.'....k.nf.3.7...]..>3b...3.N._....#....3.z.L....n.@E..^.J....PV..].....-V.j...X..!'...._..5DMp..:$t.$8..1..,..).=.9......L.+.....=.!.......)....?.......8...#.n.r.......hz....gv.Qv
7...~......(..w.c...C...a.$U;e!7]%....N.FI.j....J.#..Ms.DYb.4F..*t...V...G	W!.z....G..."m....f..`.F..m.QA.............99.n..&.V...N.........E..qof..`Z.Cx....(.Cb..i[....2j_..A.y.Y...U..,...r........1...: ....|.i.....-;.K.H.9R..V..V.....J.e_T6.....,.]...?+...VbG.k.P..n...?...."...3m.3.]	:.;na(....Z..2.fg..m}.$.....h..c%..!D..I,..#b...Q4......8-Mj8V..w.'bHq..q.o-ub.VL<@..(.8.	..._'...Q.6$...X		..:......cd...
.8.SC....DQ....8./.m.e..W...*..#.7oY+.....
BlkID: ,Data: 0900,....j.2..TO7Tt.+g..
...b....9.3[.y5....;.......u..[(.......E>~|j.....R.-..............#2a@j.Y.....
.RA.0v<.SQ..i.9.....K.d.H.m....e....+O..g.A..P.5k...W...5.a"pt|.........L.9...........R@r......+..O.~.s..f.......9.D.A1=1r.1...{W
...3[=<.;...7..Z..........>B8....U.. ...,6...+............^h".dV|K...td.b...;.EJX\~.p.pi..Ff../..1&=A..?..Fg..+B..a...k.D.........BdR.}.v.dW.~......@......2......f(.
.aE...k..{....P..g...?...D. ..x'rL.eR..[......J>^D...63...%...#}...Y.e/I765j...3..w1._..P......UW...$e;IRd..`m...D....(..J....Hn}.?;.....0.e.N.....r.b.}.~V./...ek.$wN.(G0....%pn.M6ikFG4.x.I..#......D.0rz..?.#E.!2..v-...(e04...5~B..~...C.G.RTM......p.<O.ToE...........k>.E....C.q....T..p.\..Z.....P.... ...U.ztT.R#..#.
....a......W..AJw.............7.-.... uR..b.v...[.F.G.....`CoF!2t.Iy.R..	.D....2....h...9.......Z..Q..z.%..x.s...A.y.Qz0..T ....5......_. ..m!G.. -......!....."9....0..X..k......",E.].].j.......J..._..(b;....@w..a|T...T.&VK_M.xw..)..........U..{.jUk<....e+...C........$..-@..o*.....Rz.,..C.a.M.n@LH.{
BlkID: ,Data: 1200,.gd.G......h....%....
2...k.!u ..Fcg......[.5>BV......T..U......z............@Z...j.Fix-.f.!..D.b.Y..SD.Y;.dP.#.<..t.._..F&A...K7.+}e.:
u.	.
+../.=4A.e.s.zRa>o	...Ar...T9u.o...?X....qm.a......f.'V[..ge/.../.!iV"yR...i..W...E....TO.?.1;.....?.....QT.{k....VoB.... UE...u..S{h...k.2....$-.	.<~.....W..8..,.....L....	..@g...nMZ.E.F.....WC.c^`.......v%.k.%W.....@....?...k.h.h$.w.o.:.GH.qS..|......~.~.z{...D.../..D.,._.fY....!.?...~.E..2......LK...[..?.W.j..5...g.....o...X.K.K....O..81Fr...'+..-....u/....	V....n!..T......K.(...(.G...J.......e.q....=..g.}...
.Lb.{.b.4i...V....T_.c.h...5L...]C..z..*/
.....0.`..
y.v7.F3-....l1.].f....(.fC.n.>q.. ..8.*.'.?...d"@..nt...[`.Z~...Q.@*r.4."hV.'6....yU.a.mf
.....6..9vc.i...B)Q#.j...#.....z.(J.....xl....Z"..	u~.6...z.....tT..y...........F.n.pW..~..JbC.<{..]ra...D......d.E.04.>.......R.....wK/.=6{....2S..)q..N..........-.}..8.......k.Z......t.\.:.{.....!M.M..Wp..4......c...4.X.I.......l.'....+k.....cw/...........(Nn4;....?..1....3^.A. lH.Ne..4p..	. .2..0....@;T."..n...
BlkID: ,Data: 2500,;.yA....Us.........7.}..d....0.t.n.Q&gg.#.......(.CfZ........\CI.v..?..=S..J.5o..%g..kQ..`....G......Q...08is.F.z.6...t...sa.....T-.s.Ai..t.A.....Y..Y..T.x..+.._..!.5....4..sh.... ..i..d.....(...*.......@z.@.4c........=............k....q..E......A...".08#...|Q.r..3.:kz..S....K.vbM.C..%......l._".2:S..<....O.......D...!4	N.......3.pV.\]...g.ilG..G..
..^Et.....(g..4...A....=....	>n-..{5\.#........e+...."...#_\.O...E.U\f.a.......k.+...* i...D.S	......z...........Y.4..-.y.......Y|....f+{`...&.g6.3o.!.rk.;...F....Qi.amb...._.....U.+...P..z|....h.F....A`...H..(..@Z.
G.n.5.h..V	.b..Zi~vr..|.57h...2..1...jo........2......j.$...t.5....|.`.T...v
....ZR.H..4..I{'.L....I... ..L.........X.....nG..i..3.....}d.@7Sq...>...`.^[..M...*.
....s%..W..^.........g........FU.I.....Wq..T.s.. ..k~<e ....f.....NUT..P..-....Y....%.....D....1p}..S...!....$V*...........k..As0..d..A..|`....4d.^..l.{..@....N56.@8\..!0.....P;,..%..6............&./..wz........*.u.D.o<.Z..x..
.m_.u...2.$....sD...r..Z...._.j.l..YF)....C.....>.....
BlkID: ,Data: 4b00,.....I#V.Ja.....5...I...E.R\mM.#.....5U...r=L.O.C.o...a...b=z.......2.~....1...R.Q.....=k.......S\2.QTC...-.w)..7............y.x.........J{..c``.=..-....{.......]w,..a.....]..fu.d..<....<...U..+]|.H.......cM.IpG$.......M ....
*..	W..i|..4/.......?.52.....S...TCu............;Au.$....*.+.!m%...).,.i0u..Fc.L..9}..G>z}$U"&.a;.y.dL.C.Q........,.dY.F..^,..u..l.Y.|d.........`7e....+..,..= ... .....d...i..k.d.>./.K...>.]F.h...L.</...]...b......s.4.%....i..=1w.\.TW...]....@GKVX....."..5.Km...R.^...k~X".I..	.....l...Xwa..`.DJc.p>...b!.....w....O>.	..>....s4.....`.e60.	.h........u..W....v....Vu8........N..J.|...*p.;_:8^...f....]......5.2b.....i..7.V.....4..c"..	..g....9f..=..JC5J....u.....".3...v.r...6.3.P....-:.h..
...>;.........
..i..;.T.s./u.8G.."5J....(...P ....)....2..g*/..Z*..*.l[x7.3......K!......4.cY...Y..Vz2.....r.iF...D.....A..?.......<...*@n.......V..w...6D....X..5.......7.....4..e...M.h......T..0{.......|..~..VN .#..vJ/..-}6'...
...[.ZV.B..........@...x...P:9.1+Of..
=.....W*].&...Z..a.[.zT..y.|.R7..C`W.
BlkID: ,Data: 9600,U...... .d.%..|i^.>.....-..Pz.$k...5.Ju....$UG2.....^.....
.#....=E,\5.N.5=WQ.o.J...b...$Hbgy...i.(........2..4.S2V.%.X...\.b:l...._3g..Q.'k5=E.q`0. ..j*...!.Ax@..q.b.,r...L.!9.\....~..2f..@.-...+#..3.wn6.[......b/..{yYYT.......#%.<M...3.{..ur.9!....F..B."5....S.c.Z25....?\,-..a....,h.c.H>kF.....V?}.....F.O.Q.{>O.~.....V.Q~.q..\......?..
.../9.....8...j....E.Q.....Z...V.....0....N.N"...TuxP...S..-.(DC.AX~..Z.
...........V....J)U.}.r.I..y....#.{.)..2nw.!.....Ve..OO.-uI.y.V.......4......e.a.....W.n.?b.Z.)(?.~ .Vd...6QX.3
...ZM...gM..B.N..~.........rF .A......L\....\.........D.\..-..V.2.!.49....C....U...Rc!wzG....L.4...........M$.G.}v.95.a.m..p......|,3.}*....v......L..)..../.&00S.v...MeB...l.......vs=q....Bq.'2+[..,Lc....Rl..#../w...F.......f...}.e..-^.k2.trK6a.9.....L]|.4C87."eD...?.9......YQ..,D..G.R...	.3}.....R{ +J04........p|..O...@.p.A....P....f.i....p..Z..D....k.#..C..{.P.y..t.]....I....#..d.y...8..q..Of.E=....D.n	.|+.8<.D.).Q"gV.ye.s...k.*.b.^..
...Lm78..8.o.v...Ko..a.,.0.X.*.oT.k..wq8.
BlkID: ,Data: 2c01,D..2.......Zu<...0..}.#f..$A.q$....#....e&+.q....T.H.i?..4M5Z...L..+.5...qN+~.l.1.5M...........d..%F..s.,...z..Z...fs.."...hQ.dn?|03L=?H.0..R..Z.....xlYIw6....!....D.p..]P.K6...7;JI..lIQ<.........e.-......n......Q..+...@[..	....1.54.u
.....D90e.bz..4..z$..+.......2Y8..l.].k;.&.Y....X.7.$.bR~....NO.... vs+...:..'..#..9K.{,o.................n&cct#.....'......{;j../c}.o..yU.........7hz+.)Y.z9Z
....e...&......>l....j_.e`.. ....^..J6..E.p*.N...T..x...%...8..s)s$..A.=.R2.D.....c.j.I.H.<.lm....Q....C.d..uT.$..y.l....5...J.._"..7.....8....\.O.....J1D.#LCD.....}3f'2v.[.......+..\H_a.Ek..h.y..I...T..y......B.r.#15L7.....b,...P...y8..`...x.+O....EV!n#.P<c.]......yW_h.w..nP.k...A..v.[...j!...;T...e$-w.H...d..(R...od_..../........"M.O...D...]........{d....o4..........8.a.G...O..m.Q....>,.....\x.S.B7.kWh...C.::.........&..!R.l.`.Z....&a.H..../R..../.f.........F.o.A......S@...trt......E.-r
F..B.%.'..0f~F...0.:z.....!P.!...1...o~....AM..s..Z...+/].......a.G.......&.K<....fP...Iz..>.~	.8mq.+n..x....g. ....{.~......
BlkID: ,Data: 5902,Z.z...z.&.3.tn.,.[X.zwS..$..;.u.u..V..f....e.........1.....)!4A0.t.P.&..D...
......
...`Jw...*.j5zv...}.H*.......*.P....*.j.Q).L.......qej...O..X..U'XQ...X..?..U...k....6...l.p....h.`.....l..v`.>`.[|..>..%......9Q?xa..p..o.3.aP......Z%S...Q..<.w.}....e.'.....J................2..j......{).|..@$..Vq.2....~Q..T/j....+..d.;.!|...R............*....'9.2.....`.....^If$|P.k-.8.3d\...:P..L.9r.e.?...).....3"	........-..D.W...{...}...B....^.......A{~Lo..N..bj....[.....j..i^.R..W...3....d..l4....oq.b..._....v..O.,...].Y..Y...m.Dd...R.....a...?.E.]v..hP....;J.St.4...U..W.G.j.t.......!.u1........8..x	...L..../........L...:)/....y.......$.....0.....H...X.g...<....W...w.m|.x.Qkao..Di.U.....uI.?L.]l..kI.[6.c.4...8p.....Y......`..;.;!....'..uaYy..3.S".o.......).`...r#B.f+...(.9.....B.1...Y..cj.1...=....(!.........6b..s...U..:._...hm....x[w..W...j.wV.......8R.u![?..\dP.i.p.6.......&HEr....PX..N%.p."``jL...YX....Y,.mK....+.O..#V....T..y.m:.....<eIn5..2[...v..W..u..>..E3...h..(U.;4....[.oE..k&..	..u@...w.H.I5.....
BlkID: ,Data: b204,p.V%..:..#o....&.......$.=........5!.c.1.....7#.P.g2.x#D[.~b...B...|..g..F.1 z.r.5@...Z_.....3..C.....C..2.M.=...*.t....W.c...a$ro....e.x...}_#...&..B....q..6..	._.c....g^..J;.S..{k...6..!...Fk..|.k.g_.2..O....DD...hYP<."r.N.2.RGT....,@.....\.>...9..A.S.FN.W.......g...|.O..a...-Y'...9{0.Y]^..(.(.X..Eh........4.#.8.2......&..I...21..i.....30....F3fA,....8...Q......O..t.=NRO.]...."........ d.n...4;4{......../..;......#......{....i..K.>.Q.......z*.?o../.#..8...Xf...1{y....\.Y.
....^.e....s..2`....E.R..!..J.L.f...B..3/.|X.6~....apU......b..Q...S.@..H..T.x(..4.SV...b.gj..q:.7...\$>q......]z.:.g...]....,'..5KL........M	._.#h-.q?.F..~.....h.0.f..9......s!z-.......I&.	...........YO.z...~P.hA.
.|....Q})..W..N.....7V.^v.4...c	~8.......H.'.~...5.. %.Pl..:..}h..TG..........|.N..3|?j.._...-i....^.....N...)..S..|...m*[h\..,.R..[...J....n.T.........Z4........x..xt&..X..+*...;.*.lx"Pw.6H.`.lQ....).8=~..%H....y...
-m.t.W....g.A......;E.xa.-rC.....~.k.a..................b..,Sk....}...M.M.]K..M.	.(.Ic.f.r..*.akf..If
BlkID: ,Data: 6509,...4^.0.&..';.....6]Du.7O. ..%?.!?Vi.....m.....
...S.....:<.}hK4...*.......).+...Z...w..N0I$JIG.^.2X&...e\w[.......S....,.".....+@..	....y....AR...S9.{....[........P...L..........>.y.?S.g0\.7q=...:..f5........(..8.^{..9.v.|.}.H_qGm8.p..8.5x..=(.:.....t.....ww.B...zM...4..?.3.g...L..._...
......,.,.r...2....b...N;A#v...'L...;,.,....t.........]..26..T.&.'i..k.-?'.A.6...cs.............1..m2..$p....0`#..A..t..J..v.j..;.DA.W......s."..A.j..w<R^.........d..y.]7..._.E......^..p..S>.A1.P.*..m...mi..2........1...g..N..Z#[..^...?...B*
.7.....U....(..`!7.G.A&........|........F..rP.nQw..Z.$.ZV.......UV....J..~.gA..8m3....c..;..G.O...:@P..-[...?6:..f3W<6..G.'.d..(.s...(.}\=..;..b.....^4....X.........p.$?.+b|.l]..............!...'..
o>...s..w..........tsp...f...t..qBtr.......I..`.h....I.'..I..C.I.....t.H.z,L>..b,4pO..r..X.J;.!;..QgEqh.%..=.
.....;.{...e`8|Yh.=HA.@H....72[..j..V.....e...RG.h..a..1....#;{.P.r..6.........<.A....%.9].:.#.}.....Q.D.......A....
.2.g.?5Pb....(.kt.....Z
E..#...N..h;.............I.ypT...
BlkID: ,Data: ca12,.N..n.z.J-...T.%...PE]_...t.[z......=.......3.S:.Ib].T..........e...V..5<q.........1..0..C..\......^...(.^........XR.B..u.'B.[..].5..}....@.<.  .r\n..%W.....z'.. .oT..y..,...r..4.'{e..9W.Bh...a.$...v..F."....r9-*t.?..-f.k)..4.b..+D.+w@..R....m..>..s;.>..!o.G.}>...z"....E.}...
T...r.c.....~d(....%"...$( .}<.Gc....x.7...rF.p1.{;....m..4.r..-..@.z..D<.....8.k..
d..s..C3i.u.
....+.i_	.nq.`4..ZQ...w...X.G.n.%...,..C.......14..l7.......>..Y...y.U@.....})5]....?.Q.G..h....0R......k.1...M.c.Zp})F.......C1v...h....TI.+..?K.3I-".Z.......4I.JE.4..{..1..+L.J8......A)....L.7.J59..,....N3..|.i0..$..Y.G...m}.....D...m.o..C.....G.<..0..o....9..E^..9P..K.ep...&p,1..=.....hB..../?p==m(.7.W.D..ff.@.....=...F..ooK........,..w...U..]..S...)....L..9F.F=:E..m..4.9Z#...|... .U...H.....j/y&.....I..j..hg.....=.E...%.,}.X..oO..8H.Y
..&....#..{$.g5:2.{[.^.Yr7H....el.I...e~.J....X.rKk1..3.G.o5C...}H>.a.t.i).m._\.....L..
.8@.O.@k....']F....s..E2.T.m.}G.r...B.(..-|.d..........N/.-/..u..k.B.P....%\.H..[........'yY.<.IS.
BlkID: ,Data: 9425, ..**.%C."...:...8%v.!7.g....w1P&...e.. ....R.[?.[.s.....:.1&+...Y.*...._.YfB.c......P....T0q_....PC..A....Br..."H....W...Q.....H....(h.+..Hh...j`..pI......}.....AM%...R........M...p..........b.........Z.b.....4=.*r......:vZ+_...q.`...Y..bH..T:q.j.@.z.-....9v.mij~.*j.....@xv..-.h..#0.Anx..XiHN.Q...K.....*.V..-..6.-#X_m$/8..n.G:.8&.......~.&....c...\..f$.A..C.H A.........s*..V...7.&..S.....O.ki(y........G......E.B..C.OC D..$...........z7.P..
.L..X...p..[7J.."
..`P9.I......Yw......O....yl..."..b9....5Y...^..L.m.Tg.|L.G_.F..,l..GF......bk..G...
T.....t..dP......t.O...Tn.:M.L...5.....(.....	..'6...jAVa....m.=..;	..(...$.1......C.[..P...%.:..u.qI...HKR....FLJ..sn..z.rkD."U..?.....(..0ul.7........P.{..<.|.......A..	.3.....F.3...E.~.%.a w.u..
.2	.....}...n...lB.d....Y.s....`.)..?S1..ID.X...N.!x..)......|.j...s.KRps..?..2\7..W.*....n.X8$l.I.0.9+....rx....9......0....N.2g.m4..r`..:h&2c..	+...ry.....8l..E.%rx_..p....e^...}......r.....u.c`........M.v..`..u3..R.-j..!\..c...oaj?9....T..N..ZG.	8...[..s.	o......
BlkID: ,Data: 294b,&...t.9..M...h.^...4.,..N..De.:....rI/.0.0..-..p....(f.:...0LQvz]..3....-.Q.._.47..M..1}...K...g..+....S4..)...a...l%....'  ...Usp..	....B..h.n.&y.P.m..N.GW\.8`.......1....!.cPM.~..0.....V$tV*.uU.2......1..wH.!....{..^.]..r.%u..a....p.;...D..].....C2...*..|no....;..........,o...=.e5"&..&...~..9..@.}..<j.F...0...Q...t....M.Li.;6=.cs & {.H{q....\.%...U7..A....R+.ud..C....l..0n*........=.Q....-.9.Uj../;5...\..^........y.}.)..!..ko_._.7.....7..8..r.=};........g......c....b...=/......_...l......wq./Q.d...W.B...;>.oq.,3d=.n......j.LS..........=.S.1..p..W.uc\<....xW..0.{..$.[.....?Km.PN..W	I..E*%`n...d..Q.w;.iOO...........R..VI.,.V...m......>j............k..#H.]F..Q,.h*kB.%5..P.@FL.F........{.-.......[.....s........$ V...\.......Z\.?.@...c..l...?y..V.e.F...&.B[,.......M	G...c....T.x
v
g.....lC...V2>3.>..	6...r....eM..o.^i*X...EN.)...n/r..d.]..F..	..UR.............O
.cg..h1@W*..u|.. ......t.aG~.l3.\...e.3|..<.........%."Y.Nw^.4.]$..1Z) ^....v....k+=..m.......u.....ah...l.{.p.........!.....Y&.z.GP..i.$...v
BlkID: ,Data: 5296,.........yk..r..j..h.....3c....... $GN%..D\.b...f...-QV.p
b[.O....I...O..=^..E#....~.1A?..........o..........D~c....V.%}@D...<.^)g.\4b...a/...c..V.L....	.`gY.K...S..&...........'.._..Ih.r...<....q.6*Z... .iEF...l.gX.......Y!.....)s.7,Y..d..!)..h_..............g.G....y......._.K'.>(.Y!@R;q........_.o...b.wWYW1..o..{P{..s..^.-.KT..n.........v.s".W.xF...}sRu.J..8,n.."n.~5.n.....*........+U..9.F./@...]l..t..B.\.P.O:.oz..._...^..........v7.-{"."@...kV...2.*.h==..c..Yd.+G...._.z%twy...bL.>3D..}..7.....TW..2.q....k......o-.=...zw.>.J..2.T..fe...xs..4......X..'...K.<].. .f.=......=.........T.:....~./.3....z..g...m1>#.^....HJ......-.~...@.-......(.u.`V.T..N.;..._.].JwS8......,9.(.BZy..u..m.....t.....Or)nH.2..%nU...............:....K.3....|.....o;...5..`U.c.O..p8&MMY..7....'>....^...0.i.E...)....~5.R'aS...*~....j.B4f8.I.q%X....3....I9.V..?...w..Q.2XT..7.N..9q?..(.c.._P........\.8.<;.........qV.......xf...)....IC.HTgOE>..A...gE.-A...o.6w
.\.j..N.....d6...}.{....F.......).aU.r..a..*s.l<.xb.M.rp+.^b.93.ER..yF.
